,genre,acousticness
0,modern rock,0.09835026
1,tropical house,0.1218956
2,pop rap,0.150306816327
3,pop,0.1758476
4,post-teen pop,0.2084922
5,rap,0.14520918
6,rock,0.113103332
7,dance pop,0.1547644
8,trap music,0.1337901
9,edm,0.1341292
10,alternative rock,0.0521287387755
11,latin,0.1731368
12,pop rock,0.24491124
13,dwn trap,0.1459084375
14,alternative metal,0.022730336
15,neo mellow,0.3834132
16,r&b,0.1924912
17,southern hip hop,0.1606557
18,hip hop,0.14099428
19,classic rock,0.183441632
20,mellow gold,0.21592988
21,indie rock,0.13141604
22,album rock,0.19656002
23,viral pop,0.3368672
24,reggaeton,0.2035708
25,soft rock,0.21453254
26,post-grunge,0.025863536
27,indie r&b,0.4437952
28,latin pop,0.2121496
29,indie pop,0.17391748
30,pop punk,0.038683852
31,indietronica,0.12433524
32,permanent wave,0.0771762625
33,electro house,0.08587976
34,tropical,0.2301188
35,urban contemporary,0.294365
36,indie folk,0.4816054
37,folk-pop,0.4774748
38,singer-songwriter,0.41431146
39,nu metal,0.013905774
40,hard rock,0.093270404
41,hip pop,0.250107404255
42,contemporary country,0.15574418
43,indie poptimism,0.222808085106
44,big room,0.116841021277
45,rap metal,0.022375214
46,gangster rap,0.1182484
47,canadian pop,0.2215594
48,country road,0.15126378
49,country,0.17690194
50,folk rock,0.30481486
51,garage rock,0.0818645183673
52,house,0.12754142
53,grupera,0.455979591837
54,latin hip hop,0.218234680851
55,stomp and holler,0.40073244898
56,underground hip hop,0.16472812
57,chamber pop,0.6159626
58,dirty south rap,0.11445122449
59,rock en espanol,0.2784994
60,regional mexican,0.561186
61,progressive house,0.133813466
62,roots rock,0.2609303
63,blues-rock,0.140264018
64,funk rock,0.09906636
65,alternative dance,0.108178676
66,modern country rock,0.1351821
67,dance rock,0.1905736
68,trap latino,0.279012045455
69,europop,0.126728
70,new wave,0.1582195
71,neo soul,0.3740424
72,synthpop,0.170591388
73,new wave pop,0.17862856
74,adult standards,0.5703
75,banda,0.48386
76,latin alternative,0.2995876
77,neo-psychedelic,0.128927408
78,soul,0.3431458
79,classic funk rock,0.20855844
80,quiet storm,0.2700282
81,emo,0.022428262
82,psychedelic rock,0.29836246
83,norteno,0.44678
84,spanish pop,0.259386
85,deep pop r&b,0.301690826087
86,progressive electro house,0.083390322
87,deep indie r&b,0.52507496
88,rap rock,0.017792818
89,art rock,0.256824744
90,new rave,0.066637688
91,latin arena pop,0.3439694
92,escape room,0.2091844
93,motown,0.3269038
94,regional mexican pop,0.534438
95,screamo,0.02369578
96,shimmer pop,0.10113928
97,electronic,0.14093442
98,brostep,0.09008994
99,metal,0.0540911172
100,new romantic,0.1657986
101,teen pop,0.18548
102,disco,0.258444
103,deep big room,0.120928489796
104,indie anthem-folk,0.5871526
105,pop reggaeton,0.1946726
106,reggaeton flow,0.2624626
107,crunk,0.1260454
108,funk,0.25212986
109,vapor soul,0.3823306
110,trap francais,0.250604782609
111,acoustic pop,0.4473738
112,metropopolis,0.22025208
113,deep tropical house,0.14970112
114,west coast rap,0.1324901
115,deep german hip hop,0.168020653061
116,metalcore,0.007369572
117,punk,0.033401138
118,deep funk carioca,0.31400112
119,electronic trap,0.11189358
120,focus,0.9664
121,new americana,0.5610764
122,east coast hip hop,0.18048602
123,folk,0.469516
124,francoton,0.195496086957
125,sertanejo universitario,0.35097
126,hardcore hip hop,0.1454005
127,southern rock,0.18427672
128,brill building pop,0.479352
129,german hip hop,0.207101742857
130,christian alternative rock,0.12799556
131,jazz blues,0.70652
132,worship,0.14356452
133,groove metal,0.0027429816
134,ranchera,0.382494
135,boy band,0.1596262
136,piano rock,0.204279428571
137,talent show,0.2022674
138,freak folk,0.421043262
139,swedish pop,0.17418508
140,chillwave,0.112751058
141,british blues,0.24338228
142,modern blues,0.4057158
143,vocal jazz,0.7891
144,argentine rock,0.20583362
145,g funk,0.122458367347
146,christian music,0.13431764
147,redneck,0.10733622
148,vegas indie,0.0696512244898
149,new jack swing,0.190324979592
150,swedish idol pop,0.213716469388
151,bass trap,0.14399756
152,compositional ambient,0.88798
153,mpb,0.5992718
154,country rock,0.2650604
155,dance-punk,0.108202064
156,memphis soul,0.4396076
157,ccm,0.15144592
158,deep underground hip hop,0.25200984
159,soundtrack,0.77423
160,cumbia pop,0.1768414
161,noise pop,0.165978959184
162,rock-and-roll,0.50848226
163,soul blues,0.4448988
164,k-pop,0.118767918367
165,indie psych-rock,0.1674448
166,protopunk,0.26164788
167,moombahton,0.05814164
168,lo-fi,0.29354984
169,dream pop,0.329433285714
170,anthem worship,0.14728058
171,german pop,0.326057128
172,electric blues,0.3340646
173,outlaw country,0.29082918
174,melodic metalcore,0.005178858
175,detroit hip hop,0.183992
176,hollywood,0.531312158
177,deep dutch hip hop,0.168081717391
178,christian rock,0.1463435
179,southern soul,0.4464416
180,deep groove house,0.03665436
181,korean pop,0.20019206
182,chicago soul,0.423323265306
183,indiecoustica,0.393180408163
184,deep german pop rock,0.219057128
185,cantautor,0.408278
186,glam metal,0.06681614
187,pagode,0.56976
188,britpop,0.092176368
189,italian arena pop,0.2601996
190,traditional country,0.33429
191,glam rock,0.2555523
192,alternative hip hop,0.1619064
193,funk metal,0.0416019582
194,mariachi,0.437792
195,deep australian indie,0.34865048
196,classify,0.95336
197,underground pop rap,0.15238274
198,scorecore,0.623590127083
199,italian pop,0.3567336
200,samba,0.577296
201,tracestep,0.15676446
202,complextro,0.06234974
203,deep pop edm,0.1651062
204,downtempo,0.310824897959
205,trip hop,0.2786164
206,grime,0.2196802
207,british invasion,0.26840006
208,speed metal,0.0113170132
209,channel pop,0.656956
210,classical,0.975133333333
211,catstep,0.09996286
212,lilith,0.410666610204
213,bachata,0.389494
214,bossa nova,0.8241
215,deep house,0.0818015
216,skate punk,0.024817602
217,melancholia,0.68768
218,vapor twitch,0.26593366
219,lift kit,0.119170591837
220,disco house,0.053947912
221,symphonic rock,0.3141888
222,comic,0.227299008
223,pop emo,0.0618731021277
224,anti-folk,0.4256624
225,grunge,0.110032183556
226,duranguense,0.30361
227,australian dance,0.11715214
228,traditional folk,0.532264
229,bubblegum pop,0.388206
230,otacore,0.21856161
231,chillhop,0.550997959184
232,hoerspiel,0.651448979592
233,australian alternative rock,0.17229352
234,reggae fusion,0.1336235
235,sertanejo,0.404536
236,la indie,0.06311178
237,jazz,0.88348
238,rockabilly,0.533904
239,cumbia,0.2002772
240,nueva cancion,0.6020456
241,progressive rock,0.2944372
242,texas country,0.14108758
243,nu jazz,0.273171408163
244,video game music,0.446847685581
245,romantic,0.975133333333
246,roots reggae,0.1533544
247,slow core,0.73918027
248,swedish folk pop,0.3812136
249,space rock,0.32128926
250,madchester,0.082905236
251,power metal,0.0115188092
252,progressive metal,0.0127289706
253,dancehall,0.180821530612
254,nu gaze,0.243574634
255,alt-indie rock,0.051267904
256,french pop,0.47611
257,world worship,0.1753116
258,reggae,0.1417644
259,deep trap,0.112483591837
260,opm,0.548144
261,alternative country,0.429298
262,deep danish pop,0.2088742
263,mandopop,0.495584
264,spanish rock,0.237792520408
265,industrial metal,0.004385564
266,deep southern trap,0.10089426
267,forro,0.335906
268,sky room,0.04104934
269,brazilian hip hop,0.17211448
270,nashville sound,0.381346
271,indie garage rock,0.381978836735
272,taiwanese pop,0.495584
273,bolero,0.532996
274,thrash metal,0.0090465542
275,merseybeat,0.3094814
276,danish pop,0.34091048
277,lounge,0.69096
278,trance,0.04334458
279,finnish dance pop,0.105697825
280,jam band,0.3403842
281,deep latin hip hop,0.229212346939
282,chamber psych,0.32481228
283,jazz funk,0.4552702
284,deep taiwanese pop,0.490424
285,turkish pop,0.13866344
286,cool jazz,0.89168
287,post-punk,0.129146488
288,salsa,0.430604
289,eurodance,0.074832142
290,preverb,0.2698710246
291,brooklyn indie,0.171409889796
292,c-pop,0.495584
293,swedish alternative rock,0.040686998
294,minimal,0.93702
295,german techno,0.073443644898
296,pixie,0.060128604
297,chilean rock,0.3429704
298,deep cumbia sonidera,0.2807132
299,candy pop,0.060382077551
300,filter house,0.132249973
301,post-screamo,0.004439074
302,punk blues,0.106420986
303,vocal house,0.0556150122449
304,deep euro house,0.0874990014
305,deep new americana,0.562972
306,bow pop,0.40732561
307,french hip hop,0.2800037
308,alternative emo,0.126689286
309,axe,0.385046938776
310,big beat,0.148479367347
311,cabaret,0.84014
312,finnish pop,0.177627487755
313,progressive trance,0.032239334
314,chanson,0.6276748
315,swedish indie rock,0.276208288
316,industrial rock,0.048034056
317,merengue,0.410924
318,etherpop,0.262390612245
319,garage psych,0.14442611
320,jazz fusion,0.8144858
321,power pop,0.12457104
322,ninja,0.13174516
323,cantopop,0.505074897959
324,uk post-punk,0.147499563265
325,melodic death metal,0.0105757808
326,deep swedish hip hop,0.1613184
327,country dawn,0.29017755102
328,bubblegum dance,0.07869248
329,show tunes,0.681897959184
330,post rock,0.58120776
331,dutch hip hop,0.256102428571
332,vallenato,0.2197308
333,shiver pop,0.299391422
334,italian hip hop,0.18174362
335,dutch pop,0.316884204082
336,post-disco,0.1271714
337,bebop,0.90058
338,deep regional mexican,0.42944
339,spanish pop rock,0.342820408163
340,modern classical,0.960045454545
341,swedish eurodance,0.06595304
342,contemporary post-bop,0.87676
343,minimal techno,0.104540584
344,irish rock,0.126044108
345,dutch house,0.049841106383
346,turkish rock,0.243372040816
347,easy listening,0.6985
348,swedish hip hop,0.24172444
349,danspunk,0.130736777143
350,australian pop,0.202507468
351,indonesian pop,0.4967186
352,canadian indie,0.141618918367
353,wrestling,0.0301495367347
354,microhouse,0.254205938776
355,hip house,0.029680382
356,cumbia villera,0.233642857143
357,west coast trap,0.1355902
358,texas blues,0.3234562
359,celtic rock,0.11567918
360,broadway,0.514384
361,pinoy alternative,0.4767246
362,french indietronica,0.288886
363,blues,0.4336092
364,acid jazz,0.268031732609
365,anthem emo,0.104504657143
366,chillstep,0.17918132
367,movie tunes,0.6389
368,tech house,0.043408626
369,uk funky,0.10619522449
370,norwegian indie,0.329481428571
371,progressive bluegrass,0.592594
372,classic swedish pop,0.494902083333
373,traditional blues,0.487122
374,soul jazz,0.83912
375,stoner rock,0.0795733912
376,melodic hardcore,0.027421094
377,experimental rock,0.26500251
378,turntablism,0.1282422
379,norwegian pop,0.2435726
380,minimal dub,0.188183252857
381,fourth world,0.930816326531
382,electro,0.1236679188
383,swing,0.8728
384,latin christian,0.277625646
385,dreamo,0.2097970536
386,indie jazz,0.380886
387,rock gaucho,0.28994054
388,french rock,0.384844244898
389,post-hardcore,0.0472551782
390,epicore,0.314588125
391,azontobeats,0.2764744
392,zapstep,0.021813738
393,deep chiptune,0.2863851834
394,sheffield indie,0.072176806
395,uplifting trance,0.018196714
396,noise rock,0.189365202128
397,progressive post-hardcore,0.0303659596
398,hard bop,0.88834
399,antiviral pop,0.132975793878
400,aussietronica,0.21937966
401,indie punk,0.138780682
402,death core,0.000902864583333
403,electro latino,0.178109
404,ambient,0.91293877551
405,reggae rock,0.12278485
406,country blues,0.4424332
407,anime,0.094094838
408,deep funk,0.26171206
409,new age,0.828292
410,french reggae,0.160292844444
411,j-pop,0.083714876
412,groove room,0.05665816
413,lovers rock,0.1369872
414,deep melodic euro house,0.12113533
415,death metal,0.0016182238
416,nu disco,0.118977414286
417,indie rockism,0.0403184387755
418,electro swing,0.217373653061
419,country gospel,0.4896582
420,neo classical metal,0.0517461252
421,mexican indie,0.125257204082
422,uk garage,0.127359469388
423,gothic metal,0.0186690842
424,stride,0.87194
425,industrial,0.10259421
426,canadian metal,0.018998054
427,future funk,0.6467802
428,christian uplift,0.3070916
429,brazilian gospel,0.357278354167
430,german metal,0.02998166
431,swedish indie pop,0.32996886
432,gauze pop,0.27505534
433,turkish jazz,0.38293
434,christian hip hop,0.104999714286
435,latin jazz,0.60904
436,stoner metal,0.0568012924
437,experimental,0.247514102083
438,ska,0.123453146
439,french indie pop,0.3489820625
440,deep ccm,0.16883888
441,merengue urbano,0.2808052
442,classic norwegian pop,0.360803265306
443,pub rock,0.13601253
444,memphis blues,0.60201
445,ska punk,0.081552892
446,suomi rock,0.06668203375
447,afrobeats,0.2306904
448,hyphy,0.121704183673
449,liquid funk,0.02845076
450,swedish synthpop,0.122284
451,chicago blues,0.5298386
452,drill,0.19255246
453,vaporwave,0.3877574474
454,neue deutsche harte,0.008025326
455,louvor,0.527389795918
456,world,0.562860612245
457,dub,0.1771988
458,smooth jazz,0.316074
459,drum and bass,0.0436451628
460,memphis hip hop,0.09157154
461,j-rock,0.045146116
462,new orleans blues,0.520262
463,new weird america,0.439931458333
464,german pop rock,0.24497348
465,old school hip hop,0.0882681428571
466,relaxative,0.885754
467,trova,0.6142216
468,big band,0.88274
469,hardcore punk,0.036272314
470,stomp pop,0.1445621828
471,bass music,0.24497914
472,flamenco,0.698229787234
473,indonesian indie,0.478644081633
474,comedy,0.77102
475,baroque,0.974448275862
476,viking metal,0.003120355
477,russelater,0.128544
478,djent,0.0174449538298
479,mambo,0.508544
480,acoustic blues,0.652704
481,spanish indie pop,0.285986040816
482,swedish metal,0.0037389344
483,delta blues,0.6189366
484,norwegian rock,0.3552347906
485,deep texas country,0.135683367347
486,gospel,0.1975592
487,christian relaxative,0.655442173913
488,doo-wop,0.65514
489,icelandic pop,0.42306486
490,latin metal,0.070613288
491,cowboy western,0.600042
492,piedmont blues,0.662862
493,deep swedish indie pop,0.326615638298
494,wonky,0.26042158
495,hardstyle,0.054343994
496,classical period,0.9712
497,minimal tech house,0.0745586953061
498,cumbia sonidera,0.2392486
499,operatic pop,0.79318
500,meditation,0.545941
501,pop house,0.0822101
502,dangdut,0.389774081633
503,turkish folk,0.445563265306
504,hands up,0.087171244898
505,deep disco house,0.0598989918367
506,celtic,0.83268
507,desi,0.2342066
508,shoegaze,0.22675035
509,tejano,0.318314
510,boogaloo,0.474964
511,argentine reggae,0.2116446
512,nwobhm,0.015379312
513,deep hardstyle,0.0357148163265
514,dansband,0.225799111111
515,indian pop,0.2206606
516,danish pop rock,0.297344208163
517,japanese r&b,0.1547233
518,electropowerpop,0.045912546
519,gothic symphonic metal,0.0448797144
520,intelligent dance music,0.265355132
521,healing,0.877354
522,sleep,0.352586982
523,finnish hip hop,0.22502188
524,desi hip hop,0.25489755102
525,schlager,0.330051836735
526,melbourne bounce,0.03045758
527,contemporary jazz,0.765416
528,drone,0.815588
529,symphonic metal,0.018274758
530,spanish punk,0.0872386430612
531,filthstep,0.03088936
532,louisiana blues,0.5911954
533,children's music,0.276386791837
534,cubaton,0.289260816327
535,velha guarda,0.614568
536,electroclash,0.0944430289796
537,jangle pop,0.13515287
538,brazilian indie,0.467154693878
539,chicano rap,0.203208816327
540,spanish hip hop,0.311789795918
541,uk drill,0.236668
542,folk punk,0.318231228
543,k-hop,0.1684626
544,retro electro,0.0685572973469
545,alternative r&b,0.22538632
546,afrobeat,0.1826399
547,polish pop,0.274156530612
548,opera,0.86505
549,british folk,0.549606744186
550,nu-cumbia,0.26996
551,a cappella,0.379041632653
552,j-dance,0.107539716327
553,alternative pop rock,0.126938146
554,j-rap,0.165140632653
555,boston rock,0.11040615
556,future garage,0.218423061224
557,crossover thrash,0.0392733168
558,mathcore,0.0014399044
559,classic danish pop,0.171966189796
560,german indie,0.25136622
561,glitch,0.170329816
562,coverchill,0.54742
563,jazz metal,0.0125439142
564,environmental,0.322067276667
565,reading,0.6244375
566,filmi,0.3028252
567,rumba,0.627397916667
568,azonto,0.19279
569,levenslied,0.257357081633
570,polynesian pop,0.233434
571,glitch hop,0.0527292857143
572,melodipop,0.264912083333
573,arabesk,0.259609734694
574,zolo,0.1200214
575,northern soul,0.498054
576,underground rap,0.26125048
577,spanish new wave,0.24287108
578,vapor pop,0.32681805
579,brazilian punk,0.062653577
580,piano blues,0.77116
581,abstract hip hop,0.246096530612
582,deep turkish pop,0.16791274
583,christian dance,0.164985502
584,neoclassical,0.90284
585,norwegian hip hop,0.09926436
586,liedermacher,0.2875961
587,discofox,0.135954583333
588,australian hip hop,0.2285962
589,folk metal,0.0127053412
590,canadian country,0.193347195652
591,strut,0.107970541667
592,breakbeat,0.00933309
593,sludge metal,0.0164979122
594,italo dance,0.0777616326531
595,bluegrass,0.622768
596,new tribe,0.5271234
597,neo-singer-songwriter,0.4393354
598,finnish metal,0.0068198406383
599,danseband,0.25862626087
600,fluxwork,0.384091428571
601,hardcore techno,0.0258067
602,jump blues,0.627392
603,welsh rock,0.100724726939
604,technical death metal,0.00100628469388
605,german punk,0.01385742
606,fingerstyle,0.701632653061
607,float house,0.196335959184
608,sleaze rock,0.030592484
609,australian country,0.1937504
610,deep uplifting trance,0.0243898
611,alternative ccm,0.226465333333
612,folklore argentino,0.664396
613,kiwi rock,0.23349494
614,alternative pop,0.09229709
615,grave wave,0.17876706
616,swamp blues,0.44284934
617,electro jazz,0.28672656
618,rock steady,0.1687718
619,slow game,0.17182778
620,j-metal,0.0328720576
621,post-metal,0.102617218571
622,techno,0.0652569982
623,no wave,0.215786198
624,russian pop,0.1624774
625,stomp and flutter,0.731442
626,portland indie,0.295086306122
627,dutch rock,0.320633040816
628,doom metal,0.0498978768
629,modern performance,0.87032
630,pagan black metal,0.0399261441667
631,black metal,0.0003079758
632,jump up,0.024234178
633,pop flamenco,0.449916326531
634,hard alternative,0.0051958916
635,christian metal,0.0105368102
636,kirtan,0.745694
637,neurofunk,0.024984032
638,polish hip hop,0.234059408163
639,drift,0.90854
640,dark jazz,0.574253172
641,peruvian rock,0.383829
642,deathgrind,0.001075805
643,italian indie pop,0.363272
644,ectofolk,0.57539
645,symphonic black metal,0.000494056
646,classic italian pop,0.62979
647,turkish hip hop,0.190543958333
648,cuban rumba,0.553732
649,brega,0.396162653061
650,deep norteno,0.299840816327
651,happy hardcore,0.01808588
652,carnaval,0.203656744681
653,belgian rock,0.21096862
654,chicago house,0.06019594
655,medieval rock,0.143689787755
656,irish folk,0.574035555556
657,jungle,0.036459718
658,chamame,0.385048
659,scottish rock,0.18333004
660,rap chileno,0.1812264
661,classic chinese pop,0.594919
662,dark wave,0.0511899084
663,progressive uplifting trance,0.0111123133333
664,orgcore,0.0197190802222
665,austindie,0.37510064
666,idol,0.2162376
667,chicago indie,0.370940322
668,medieval,0.3706526
669,avant-garde jazz,0.76654
670,eurovision,0.212513693878
671,bay area indie,0.21522882
672,romantico,0.5487304
673,western swing,0.677506
674,russian rock,0.2108048
675,japanese city pop,0.17098556
676,new orleans jazz,0.8081
677,j-idol,0.136442874
678,italian disco,0.14207804
679,harmonica blues,0.578332
680,arab pop,0.2695544
681,puerto rican rock,0.289547081633
682,dubstep,0.04825352
683,classic finnish pop,0.284733955556
684,malaysian pop,0.477960408163
685,outsider house,0.32597314
686,mexican rock-and-roll,0.5165204
687,portuguese rock,0.32250755102
688,post-doom metal,0.0547057804
689,colombian rock,0.2150542
690,sertanejo tradicional,0.417963265306
691,brutal death metal,0.003112284
692,soul flow,0.218970536
693,salsa international,0.499371428571
694,seattle indie,0.33086812
695,avantgarde metal,0.0720310166
696,hardcore,0.0142658378
697,nasheed,0.57263877551
698,gbvfi,0.10934429
699,psychedelic doom,0.0455916286
700,celtic punk,0.057373664
701,grindcore,0.00129778938776
702,quebecois,0.3732012
703,austropop,0.2222608
704,brazilian ccm,0.527193877551
705,funky tech house,0.024907588
706,riddim,0.185590816327
707,psychedelic trance,0.06961822
708,speed garage,0.06765431875
709,baile funk,0.234709795918
710,classic russian rock,0.197351979592
711,freestyle,0.115135574468
712,j-poprock,0.113202974
713,italian pop rock,0.168074510204
714,ebm,0.0211989806
715,math pop,0.183841792
716,barnmusik,0.67512244898
717,spanish noise pop,0.26871041875
718,warm drone,0.915428571429
719,soca,0.1248948
720,nursery,0.755072
721,ethereal wave,0.373405112
722,nintendocore,0.0479394264
723,african gospel,0.271089
724,garage pop,0.1131911016
725,world meditation,0.91688
726,destroy techno,0.0419690522
727,balearic,0.144765971429
728,progressive deathcore,0.001657943
729,math rock,0.140458845417
730,laiko,0.24983492
731,acid house,0.117735897959
732,albuquerque indie,0.297043666
733,mande pop,0.532348
734,polish punk,0.22525446875
735,russiavision,0.1282666
736,deep latin christian,0.515138
737,indie dream pop,0.3883609226
738,kindermusik,0.407863636364
739,emo punk,0.0635543002439
740,entehno,0.290686
741,bassline,0.0722542
742,k-indie,0.462685708
743,classic finnish rock,0.245390439583
744,substep,0.2334924
745,electrofox,0.456270484
746,drill and bass,0.34850325102
747,turbo folk,0.159494040816
748,british alternative rock,0.0140341964
749,ambeat,0.315290716
750,ska revival,0.142909306122
751,deep minimal techno,0.0420664668889
752,bmore,0.0501945591837
753,british indie rock,0.182351532
754,canterbury scene,0.4631757
755,musica para ninos,0.68494
756,romanian pop,0.08483688
757,chill lounge,0.34123877551
758,rock catala,0.286492553191
759,free jazz,0.74524
760,argentine indie,0.373740204082
761,deep comedy,0.81692
762,twee pop,0.236882376
763,classic garage rock,0.276104478571
764,volksmusik,0.374306086957
765,post-post-hardcore,0.0082252714
766,electro-industrial,0.0165788398
767,gypsy jazz,0.81632
768,oi,0.0285506122
769,latin electronica,0.1424808
770,straight edge,0.0234651614
771,christian hardcore,0.0064756354
772,kabarett,0.565607446809
773,kraut rock,0.66304632
774,steampunk,0.289113272
775,singaporean pop,0.580499979592
776,swedish hard rock,0.0609754310204
777,world fusion,0.297401
778,slovak pop,0.192025918367
779,dansktop,0.293752040816
780,surf music,0.259474888
781,thai idol,0.3491954
782,gabba,0.110890165625
783,gothic rock,0.0343567281633
784,chaotic hardcore,0.0008188584
785,nu age,0.91368
786,bhangra,0.1646422
787,canzone napoletana,0.726332
788,retro metal,0.0999934406122
789,cello,0.63200548
790,mandible,0.655275112
791,ballroom,0.6452884
792,ye ye,0.442216
793,tango,0.865142857143
794,swedish jazz,0.814970285714
795,dixieland,0.80718
796,old-time,0.715954166667
797,laboratorio,0.571798061224
798,mashup,0.0813275102041
799,christelijk,0.450326869565
800,freakbeat,0.29139224
801,punjabi,0.193733877551
802,alternative roots rock,0.28799298
803,futurepop,0.028372144
804,vancouver indie,0.19231506
805,christian punk,0.065578916
806,choro,0.649326
807,african rock,0.1302494
808,deep talent show,0.27081954
809,e6fi,0.276971286
810,drone metal,0.12350873551
811,nordic house,0.0769662877551
812,electro bailando,0.1501308
813,early music,0.94032
814,psychobilly,0.055386432
815,hawaiian,0.662832
816,horror punk,0.166650824
817,andean,0.5429268
818,russian hip hop,0.245721020408
819,detroit techno,0.111352763265
820,progressive psytrance,0.0187731489796
821,comedy rock,0.312385510204
822,thai pop,0.29743122
823,psychill,0.161503210204
824,orchestral,0.8982
825,tribal house,0.0124413333333
826,atmospheric black metal,0.0330170944
827,progressive trance house,0.0489556
828,deep indian pop,0.355046734694
829,jazz trio,0.83158
830,classical performance,0.91096
831,persian pop,0.2866822
832,fado,0.668834
833,classical piano,0.951761904762
834,uk hip hop,0.199288959184
835,voidgaze,0.0925784488
836,danish hip hop,0.157498632653
837,zouk riddim,0.2799862
838,israeli rock,0.2700518
839,czech rock,0.200177618367
840,swedish reggae,0.138385957447
841,exotica,0.68609
842,praise,0.2020232
843,theme,0.518536
844,hungarian rock,0.0667509792
845,athens indie,0.207060208
846,neo-trad metal,0.0017316314
847,dub techno,0.371807428571
848,norwegian metal,0.0341480177551
849,venezuelan rock,0.1474776
850,choral,0.949434782609
851,aggrotech,0.0290760922
852,neo-progressive,0.155071816327
853,turkish alternative,0.1835750625
854,hungarian pop,0.211356920455
855,classic colombian pop,0.46163
856,kizomba,0.1836908
857,avant-garde,0.87864
858,columbus ohio indie,0.0772625204082
859,czech folk,0.302304893617
860,anime score,0.643049496
861,visual kei,0.0511595248
862,mizrahi,0.2321756
863,barnemusikk,0.693622
864,abstract beats,0.382280734694
865,italian metal,0.1025076216
866,popgaze,0.160572397959
867,indian folk,0.3836594
868,deep latin alternative,0.276875229167
869,power-pop punk,0.022717002
870,ok indie,0.354866592
871,deep chill,0.389941666667
872,classic turkish pop,0.5012486
873,french movie tunes,0.484410183673
874,bubble trance,0.0528276979592
875,goregrind,9.51918367347e-05
876,j-indie,0.038746698
877,vintage italian soundtrack,0.830662
878,melodic hard rock,0.050143284
879,deep tech house,0.01174615
880,dark cabaret,0.4033814
881,shibuya-kei,0.22999391875
882,deep pop punk,0.0284458125
883,folkmusik,0.427195084444
884,power blues-rock,0.171052204
885,rai,0.241394081633
886,p funk,0.22763072
887,swedish punk,0.0216950652174
888,russian punk,0.19854976
889,spanish reggae,0.262759
890,black thrash,0.002841944
891,fidget house,0.0185628571429
892,shimmer psych,0.2845373906
893,musica nativista,0.41682
894,albanian pop,0.136475
895,horrorcore,0.0936977
896,basque rock,0.104738684681
897,violin,0.951681818182
898,nu skool breaks,0.04555418
899,melodic power metal,0.014035611
900,turkish classical,0.772755102041
901,highlife,0.32346
902,belly dance,0.2419568
903,string quartet,0.69618
904,classic belgian pop,0.398
905,indie psych-pop,0.352899883673
906,southern gospel,0.405716734694
907,chiptune,0.2551514536
908,soukous,0.317224
909,lds,0.912428571429
910,instrumental post rock,0.526312979592
911,irish country,0.603072857143
912,brass band,0.097248094
913,classic polish pop,0.470833744681
914,bouncy house,0.03412198
915,vintage swedish pop,0.649427659574
916,timba,0.432712
917,classic peruvian pop,0.4917
918,renaissance,0.95414
919,acid techno,0.2736469
920,norwegian gospel,0.58662
921,yugoslav rock,0.319348367347
922,dominican pop,0.489124
923,classic icelandic pop,0.33409606383
924,arab folk,0.705573541667
925,southern soul blues,0.22435472
926,perth indie,0.2029916
927,neue deutsche welle,0.194984928571
928,swiss rock,0.19323372
929,zouk,0.305124
930,deep melodic metalcore,0.00532327
931,sega,0.157544061224
932,mod revival,0.061360274
933,pakistani pop,0.414951020408
934,deep soul house,0.11692276
935,french folk pop,0.512238541667
936,deep christian rock,0.4304542
937,c86,0.208031486
938,rio de la plata,0.411492914583
939,native american,0.878242081633
940,college a cappella,0.443182
941,uk dub,0.137795714286
942,jazz bass,0.462708
943,miami bass,0.04445128
944,ambient idm,0.51568224
945,polish reggae,0.173861326531
946,nordic folk,0.334849212
947,hauntology,0.52632364
948,vienna indie,0.395814604167
949,swamp pop,0.463716
950,modern uplift,0.0677190625
951,catalan folk,0.574675208333
952,chanson quebecois,0.477511875
953,girl group,0.469618
954,brazilian composition,0.915125
955,digital hardcore,0.0686001598
956,hip hop tuga,0.306188680851
957,hip hop quebecois,0.167735625
958,deep neofolk,0.533124489796
959,vintage french electronic,0.376015979592
960,samba-enredo,0.517308695652
961,vocaloid,0.090421344898
962,italian jazz,0.8673
963,croatian pop,0.282392708333
964,spanish folk,0.41724512
965,hard minimal techno,0.0178862040816
966,vintage tango,0.9
967,desert blues,0.5702682
968,garage punk,0.0614387082
969,bounce,0.136296818182
970,hiplife,0.2930125
971,mexican son,0.539472916667
972,german oi,0.0278905489796
973,classical guitar,0.971367346939
974,drumfunk,0.0476075918367
975,czech hip hop,0.161128695652
976,appalachian folk,0.768257142857
977,vietnamese pop,0.577528
978,balkan brass,0.297341
979,free improvisation,0.66314506383
980,riot grrrl,0.0513761458
981,rosary,0.82958
982,electronica,0.33561494
983,underground latin hip hop,0.142721875
984,karneval,0.0896474468085
985,serialism,0.908979591837
986,cante flamenco,0.650170212766
987,tico,0.263582653061
988,boogie-woogie,0.62274
989,morna,0.718398
990,ecuadoria,0.263307416327
991,traditional rock 'n roll,0.325453
992,estonian pop,0.2430254
993,tin pan alley,0.88542
994,german show tunes,0.65785
995,disco polo,0.04427096
996,portuguese pop,0.177214347826
997,mbalax,0.397414285714
998,harpsichord,0.88426
999,deep soundtrack,0.6194156
1000,polish indie,0.223739081633
1001,cyber metal,0.00514158346939
1002,kids dance party,0.16937499
1003,metal guitar,0.0911037164
1004,thrash core,0.0278624446
1005,outsider,0.591217510204
1006,full on,0.00496678333333
1007,composition d,0.937208333333
1008,deep liquid,0.0182859244898
1009,kompa,0.29282
1010,new age piano,0.96852
1011,heavy alternative,0.0207390489796
1012,jumpstyle,0.0333302
1013,electropunk,0.14837779
1014,classic czech pop,0.308163525581
1015,stomp and whittle,0.34015072
1016,slovak hip hop,0.192093111111
1017,beats,0.059622874898
1018,brutal deathcore,0.0132636346
1019,finnish indie,0.347628522917
1020,makossa,0.316130612245
1021,qawwali,0.422086
1022,kwaito house,0.160283959184
1023,witch house,0.182176569388
1024,j-ambient,0.892628571429
1025,atmospheric post rock,0.273930538
1026,zillertal,0.442945652174
1027,gothic alternative,0.0413739142
1028,funk carioca,0.293593958333
1029,latvian pop,0.225454914894
1030,crust punk,0.0315774088
1031,oshare kei,0.0830147708333
1032,blackgaze,0.10938313449
1033,psych gaze,0.0259241018367
1034,grunge pop,0.0242902689796
1035,orquesta tropical,0.336659183673
1036,ghazal,0.72448
1037,classic venezuelan pop,0.525912244898
1038,rva indie,0.21564591
1039,irish indie,0.39601
1040,denver indie,0.1964901992
1041,world chill,0.381586379592
1042,deep gothic post-punk,0.09624124
1043,ethiopian pop,0.377279591837
1044,deep rai,0.260499347826
1045,electro dub,0.0804188217391
1046,traditional ska,0.18625076
1047,hungarian hip hop,0.264864
1048,fake,0.116887762
1049,beatdown,0.010651361
1050,deep acoustic pop,0.424555691837
1051,drone folk,0.720826530612
1052,canadian hip hop,0.173033163265
1053,louisville indie,0.1971795452
1054,dirty texas rap,0.126202653061
1055,neofolk,0.284611275918
1056,neo-rockabilly,0.3787748
1057,judaica,0.34398496
1058,deep flow,0.0848741842105
1059,japanese psychedelic,0.1969297808
1060,ragtime,0.920632653061
1061,anarcho-punk,0.1030821834
1062,workout,0.0742696
1063,austrian hip hop,0.186881916667
1064,guidance,0.7133278
1065,traditional british folk,0.780755102041
1066,calypso,0.7827
1067,orquesta tipica,0.9088
1068,swiss hip hop,0.155056416667
1069,geek rock,0.216255730612
1070,deep adult standards,0.78854
1071,blaskapelle,0.799419148936
1072,classic french pop,0.29127151
1073,nwothm,0.0180574144898
1074,deep smooth jazz,0.246517518
1075,deep dance pop,0.120752265306
1076,dark black metal,0.0235037769388
1077,abstract,0.41247793125
1078,tone,0.851494541667
1079,neo-synthpop,0.07583698
1080,minimal melodic techno,0.108671361702
1081,nerdcore,0.14249682
1082,ukulele,0.798916
1083,kurdish folk,0.400859795918
1084,ukrainian rock,0.245680204082
1085,kayokyoku,0.593255102041
1086,new beat,0.00819789
1087,lithumania,0.250192291667
1088,modern southern rock,0.1192034
1089,euroska,0.0756561083333
1090,k-rock,0.460593612245
1091,classic soundtrack,0.57941
1092,zouglou,0.213046530612
1093,australian indie,0.187934121
1094,indie emo,0.0883522326531
1095,lo star,0.2296094
1096,atmospheric post-metal,0.0312114822
1097,broken beat,0.13933322
1098,acousmatic,0.91096
1099,minimal wave,0.142961700612
1100,solipsynthm,0.089845
1101,swedish prog,0.25273512
1102,alternative americana,0.44125755102
1103,darkstep,0.0089066977551
1104,nl folk,0.42417264
1105,marching band,0.744416326531
1106,lounge house,0.405884893617
1107,semba,0.386174583333
1108,underground power pop,0.152642924
1109,psychedelic blues-rock,0.144917595833
1110,crack rock steady,0.06446789
1111,vegan straight edge,0.181542312245
1112,motivation,0.804828
1113,schranz,0.0114862842857
1114,traditional swing,0.268128104167
1115,chalga,0.149913346939
1116,musiikkia lapsille,0.492586086957
1117,footwork,0.068827238
1118,breakcore,0.258548547755
1119,yoik,0.465374916667
1120,leeds indie,0.16411014449
1121,tribute,0.283384653061
1122,funky breaks,0.0494003959184
1123,indian classical,0.796666666667
1124,didgeridoo,0.341387805106
1125,classic dutch pop,0.232738428571
1126,slc indie,0.1145380774
1127,deep contemporary country,0.297890755102
1128,danish indie,0.33306244375
1129,belgian indie,0.301524375
1130,jazz brass,0.727040816327
1131,deep brazilian pop,0.664835319149
1132,corrosion,0.035486658
1133,black death,0.0069596764
1134,japanese jazztronica,0.119175822
1135,electro trash,0.0134685469388
1136,classic afrobeat,0.2488056
1137,gothic americana,0.41339755102
1138,slavic metal,0.0497456968
1139,dark hardcore,0.0982402826087
1140,scratch,0.262576897959
1141,traditional scottish folk,0.466245282245
1142,hebrew pop,0.12924976
1143,garage punk blues,0.39686457
1144,hindustani classical,0.821270833333
1145,indie singer-songwriter,0.6377586
1146,deep german punk,0.0526036545652
1147,deep disco,0.10112049
1148,electronicore,0.0034158822449
1149,zydeco,0.223072
1150,usbm,0.1039962476
1151,string folk,0.864836734694
1152,beach music,0.4106
1153,luk thung,0.535426530612
1154,michigan indie,0.36188854
1155,south african jazz,0.39223
1156,islamic recitation,0.892387755102
1157,spanish invasion,0.376411875
1158,russian alternative,0.0575106722917
1159,deep orchestral,0.969531914894
1160,mallet,0.512300604167
1161,dark ambient,0.83987755102
1162,ragga jungle,0.101763645833
1163,progressive alternative,0.01946951
1164,fast melodic punk,0.00325463891304
1165,martial industrial,0.362509398947
1166,deep discofox,0.0987403061224
1167,enka,0.638895833333
1168,kwaito,0.131160653061
1169,porro,0.351514
1170,power violence,0.0038211688
1171,finnish hardcore,0.0277574713636
1172,neurostep,0.02000020625
1173,classic russian pop,0.0923363061224
1174,vapor house,0.103569673469
1175,deep melodic hard rock,0.0120073
1176,downtempo fusion,0.253646108
1177,ostrock,0.267470545652
1178,spanish classical,0.884510638298
1179,monastic,0.95906122449
1180,string band,0.5818748
1181,ambient psychill,0.127553857143
1182,faroese pop,0.455440408163
1183,musica per bambini,0.5783984375
1184,rebetiko,0.5721875
1185,romanian rock,0.259426394043
1186,panpipe,0.5118325
1187,afrikaans,0.17163825
1188,abstract idm,0.52199427551
1189,deep psychobilly,0.10989987
1190,ugandan pop,0.275126
1191,bass trip,0.23092574
1192,power electronics,0.188486
1193,french punk,0.0864400938776
1194,library music,0.476924489796
1195,j-reggae,0.15263526087
1196,russian folk,0.87136
1197,musique pour enfants,0.764369387755
1198,hard house,0.0323306458333
1199,concert piano,0.981673469388
1200,trash rock,0.270987520833
1201,wind ensemble,0.96626
1202,deep liquid bass,0.0446276744681
1203,deep jazz guitar,0.893163265306
1204,norwegian jazz,0.821846153846
1205,neo metal,0.00513964040816
1206,gospel reggae,0.208802708333
1207,traditional soul,0.3053048
1208,persian traditional,0.90232
1209,coupe decale,0.233416326531
1210,italian progressive rock,0.285977120408
1211,manele,0.138502553191
1212,magyar,0.452630681818
1213,melodic progressive metal,0.016263426087
1214,japanoise,0.25199701551
1215,bay area hip hop,0.11674702
1216,german ccm,0.333834065217
1217,bossa nova jazz,0.548556395833
1218,deep opera,0.953888888889
1219,greek indie,0.265481673469
1220,consort,0.942081632653
1221,chaotic black metal,0.0471020779167
1222,classic schlager,0.749863043478
1223,rap metalcore,0.100143578
1224,slam death metal,0.00222300375
1225,deep ambient,0.853158
1226,nz indie,0.18202891875
1227,polyphony,0.941959183673
1228,deep progressive trance,0.0302811285417
1229,galego,0.254856145833
1230,indie fuzzpop,0.30850904898
1231,experimental psych,0.44837983
1232,iskelma,0.776
1233,italian folk,0.494497173913
1234,tekno,0.0259293956098
1235,shanty,0.765766
1236,dark psytrance,0.0134678444444
1237,breton folk,0.679663545455
1238,jig and reel,0.799795918367
1239,military band,0.9595
1240,technical brutal death metal,0.00116072122449
1241,armenian folk,0.278801518
1242,gamecore,0.200830494
1243,tzadik,0.739258333333
1244,neo-pagan,0.5497749
1245,go-go,0.110931510204
1246,deep folk metal,0.02320074875
1247,contemporary composition,0.895125
1248,deep canadian indie,0.217432806
1249,liturgical,0.98412244898
1250,speedcore,0.0171605413043
1251,depressive black metal,0.333725425306
1252,accordion,0.667815425532
1253,skinhead reggae,0.336976904762
1254,bulgarian rock,0.176802702128
1255,harp,0.823630434783
1256,ambient fusion,0.144468833333
1257,funeral doom,0.0121617088636
1258,pipe band,0.211493630816
1259,remix,0.0164323265306
1260,screamocore,0.000520682857143
1261,danish jazz,0.814346938776
1262,future ambient,0.26913
1263,deep soft rock,0.350009326531
1264,spoken word,0.56191626
1265,klezmer,0.629223809524
1266,j-core,0.0521349276596
1267,deep german indie,0.289531166667
1268,minimal dubstep,0.0616758291667
1269,deep sunset lounge,0.568353863636
1270,bemani,0.733387755102
1271,indorock,0.401571535417
1272,flick hop,0.116775208333
1273,indie shoegaze,0.071645724375
1274,vintage chanson,0.928425531915
1275,greek house,0.0595636808511
1276,punta,0.176788979592
1277,doujin,0.150427266
1278,corsican folk,0.633546808511
1279,nepali,0.685232
1280,screamo punk,0.0360358272
1281,ghettotech,0.0232177367347
1282,west african jazz,0.563685979167
1283,college marching band,0.705142857143
1284,kuduro,0.0822361644444
1285,neo-industrial rock,0.0534143010204
1286,greek hip hop,0.13667625
1287,barbershop,0.7958
1288,jazz orchestra,0.358025102041
1289,benga,0.300044693878
1290,brass ensemble,0.925014583333
1291,stl indie,0.316062428571
1292,deep happy hardcore,0.018285575
1293,hard glam,0.0240280157143
1294,blues-rock guitar,0.355608382979
1295,mantra,0.752565217391
1296,british dance band,0.954911111111
1297,guitar case,0.291979591837
1298,african percussion,0.2166
1299,dallas indie,0.184648234043
1300,geek folk,0.5603834
1301,carnatic,0.80452173913
1302,deep darkpsy,0.00516670533333
1303,triangle indie,0.1126040342
1304,cumbia funk,0.353245833333
1305,thrash-groove metal,0.0429311804348
1306,outer hip hop,0.131774006522
1307,throat singing,0.611269458333
1308,swedish pop punk,0.0173735866667
1309,sinhala,0.35281787234
1310,dark minimal techno,0.0415132035556
1311,chinese traditional,0.84688
1312,deep deep house,0.0159108173913
1313,italian punk,0.115384029545
1314,unblack metal,0.00521953893617
1315,deep vocal jazz,0.796574468085
1316,cornetas y tambores,0.870260869565
1317,jug band,0.815427083333
1318,indie pop rock,0.111262385918
1319,power noise,0.0747323369565
1320,capoeira,0.690655319149
1321,commons,0.373894
1322,post-disco soul,0.170699791667
1323,halloween,0.378425416667
1324,contemporary folk,0.795306122449
1325,finnish jazz,0.513148863636
1326,chinese indie rock,0.241058959574
1327,byzantine,0.984591836735
1328,zim,0.477827391304
1329,black sludge,0.00897491061224
1330,vintage jazz,0.958163265306
1331,dubsteppe,0.0584893617021
1332,deep psytrance,0.0730721897959
1333,street punk,0.00744967978261
1334,breaks,0.0172308829787
1335,drama,0.731479166667
1336,abstractro,0.472340852449
1337,deep new wave,0.113809916667
1338,gospel blues,0.895895833333
1339,light music,0.904170212766
1340,deep southern soul,0.450364693878
1341,deep indie rock,0.193510591837
1342,mexican traditional,0.618489795918
1343,gothic post-punk,0.103611950408
1344,cajun,0.3000076
1345,northern irish indie,0.246004922553
1346,british brass band,0.938340425532
1347,deep indie singer-songwriter,0.411814934783
1348,noise punk,0.0355462147917
1349,traditional funk,0.165756442553
1350,polish jazz,0.78125375
1351,baroque ensemble,0.92932
1352,deep ragga,0.129370934783
1353,demoscene,0.277308460435
1354,japanese traditional,0.9601
1355,deep downtempo fusion,0.25002425
1356,heavy gothic rock,0.0379589664583
1357,bangla,0.442162276596
1358,covertrance,0.0443755
1359,deep vocal house,0.0489846
1360,deep freestyle,0.0550130625
1361,classical organ,0.748640425532
1362,deep full on,0.030456725
1363,makina,0.0274920276596
1364,c64,0.331495679167
1365,spytrack,0.387353040816
1366,classical flute,0.922489795918
1367,musique concrete,0.862282746809
1368,grim death metal,0.0181370271739
1369,polka,0.54542244898
1370,slash punk,0.121788629167
1371,muziek voor kinderen,0.318502334615
1372,deep jazz fusion,0.11946903913
1373,classic eurovision,0.40722566
1374,chamber choir,0.966208333333
1375,skiffle,0.598810638298
1376,poetry,0.7610625
1377,deep funk house,0.0321155744681
1378,fallen angel,0.0167789708333
1379,electroacoustic improvisation,0.757888372093
1380,steelpan,0.6001326
1381,belorush,0.105467082979
1382,fussball,0.119909036735
1383,oratory,0.926489361702
1384,deep east coast hip hop,0.094406
1385,grisly death metal,0.00641789
1386,traditional reggae,0.106170162791
1387,spanish indie rock,0.0646219958333
1388,sunset lounge,0.22290892093
1389,early music ensemble,0.902217391304
1390,contemporary classical,0.889714285714
1391,lowercase,0.793940924444
1392,punk ska,0.103603684
1393,deep progressive house,0.0320981111111
1394,indian rock,0.181479729167
1395,clarinet,0.878421052632
1396,deep jazz piano,0.818893617021
1397,deep melodic death metal,0.0003154228
1398,hardcore breaks,0.200408815217
1399,skinhead oi,0.00890392826087
1400,vintage swing,0.93052173913
1401,hatecore,0.0449232447727
1402,glitch beats,0.393111977778
1403,villancicos,0.488486666667
1404,deep classic garage rock,0.460362587234
1405,deep indie pop,0.199652042553
1406,neo soul-jazz,0.303773404255
1407,deep pop emo,0.04487498
1408,traditional rockabilly,0.622617021277
1409,deep nordic folk,0.861916666667
1410,klapa,0.421791111111
1411,deep swedish rock,0.047254034898
1412,crossover prog,0.231037186222
1413,football,0.48548673125
1414,organic ambient,0.496911680851
1415,soda pop,0.592793877551
1416,deep chill-out,0.24709
1417,deep hardcore,0.0768457947826
1418,deep filthstep,0.0204112613636
1419,wrock,0.197277755102
1420,norwegian punk,0.116462214167
1421,deep northern soul,0.389085319149
1422,experimental dubstep,0.04280445
1423,deep free jazz,0.640304
1424,raw black metal,0.1215881746
1425,thai indie,0.301818601778
1426,classic psychedelic rock,0.252507234043
1427,gamelan,0.805534693878
1428,deep surf music,0.151184906383
1429,dubstep product,0.0263413255319
1430,goa trance,0.0639271659091
1431,deep italo disco,0.092093
1432,deep thrash metal,0.00214315791667
1433,deep g funk,0.0982043478261
1434,accordeon,0.710551773469
1435,charred death,0.00837527590909
1436,ambient dub techno,0.383153723404
1437,slovenian rock,0.142576308511
1438,maghreb,0.240662914894
1439,re:techno,0.00279999833333
1440,malagasy folk,0.426278478261
1441,hard stoner rock,0.0230460880435
1442,dark progressive house,0.0313948142222
1443,zeuhl,0.178255233111
1444,neo honky tonk,0.347457326531
1445,tanzlmusi,0.898020833333
1446,deep dub techno,0.238617847826
1447,j-punk,0.0427863142857
1448,noise,0.150166228222
1449,chill groove,0.267121226829
1450,tibetan,0.548889333333
1451,deep punk rock,0.0684925590909
1452,deep power-pop punk,0.0194165902083
1453,j-poppunk,0.00521546818182
1454,italo beats,0.01194461
1455,deep space rock,0.123498268085
1456,deep motown,0.5161398125
1457,kc indie,0.246878862
1458,new jack smooth,0.190631041667
1459,deep nz indie,0.214470025319
1460,alternative metalcore,0.0163778593478
1461,chinese opera,0.410344444444
1462,vintage rockabilly,0.68084
1463,deep eurodance,0.0732693938776
1464,deep cello,0.941734693878
1465,chill-out trance,0.178703020833
1466,german street punk,0.0618452217391
1467,terrorcore,0.0511795128205
1468,doomcore,0.0604695891304
1469,twin cities indie,0.360981875
1470,french folk,0.837857142857
1471,glitter trance,0.0301013729167
1472,nu electro,0.021161916
1473,indie emo rock,0.271359385366
1474,deep classical piano,0.985229166667
1475,ceilidh,0.436993541667
1476,alternative hardcore,0.0171315795349
1477,jangle rock,0.212317897917
1478,skweee,0.10769201087
1479,bulgarian folk,0.8776875
1480,deep neo-synthpop,0.0578872054348
1481,rhythm and boogie,0.6803125
1482,swedish jazz orkester,0.894612244898
1483,deep hardcore punk,0.0492667162791
1484,chinese experimental,0.151473091304
1485,jazz composition,0.637687804878
1486,modern downshift,0.01813849375
1487,ethereal gothic,0.16144295
1488,ghoststep,0.0580472119444
1489,anime cv,0.0419910248
1490,modern free jazz,0.537471956522
1491,vintage schlager,0.940739130435
1492,song poem,0.715728571429
1493,neo-traditional country,0.290621
1494,deep orgcore,0.0928640253333
1495,cryptic black metal,0.035347922
1496,cinematic dubstep,0.0902791666667
1497,vintage country folk,0.953367346939
1498,vintage gospel,0.925276595745
1499,gothic doom,0.0637617182609
1500,deep symphonic black metal,0.0209486869388
1501,vintage reggae,0.328979183673
1502,deep german jazz,0.684265306122
1503,twee indie pop,0.1191265
1504,saxophone,0.969731707317
1505,dark electro-industrial,0.044348888
1506,deep delta blues,0.942224489796
1507,caucasian folk,0.681063947917
1508,chip hop,0.0774442104167
1509,deep breakcore,0.103637591304
1510,deep deep tech house,0.0267463942857
1511,deep string quartet,0.95056
1512,necrogrind,0.0300363313333
1513,central asian folk,0.836978723404
1514,drone psych,0.735407428571
1515,vintage swoon,0.613841836735
1516,rock noise,0.163318956
1517,smooth urban r&b,0.324551790698
1518,deep latin jazz,0.539294871795
1519,vintage western,0.856
