,genre,instrumentalness
0,modern rock,0.0179690972
1,tropical house,0.0065356368
2,pop rap,0.00265581428571
3,pop,0.005304745
4,post-teen pop,0.0049433432
5,rap,0.003102754
6,rock,0.0183878092
7,dance pop,0.0023085582
8,trap music,0.0068661584
9,edm,0.0089252408
10,alternative rock,0.0249883961224
11,latin,7.08726e-05
12,pop rock,0.0025181152
13,dwn trap,0.00868558166667
14,alternative metal,0.0029076834
15,neo mellow,0.0047968228
16,r&b,4.80142e-05
17,southern hip hop,0.0067002504
18,hip hop,0.002356909
19,classic rock,0.0283190944
20,mellow gold,0.0092828424
21,indie rock,0.0573551878
22,album rock,0.0130222656
23,viral pop,0.0026824258
24,reggaeton,7.07992e-05
25,soft rock,0.0065739696
26,post-grunge,0.00270173
27,indie r&b,0.0195776776
28,latin pop,4.8574e-06
29,indie pop,0.0311057588
30,pop punk,0.0025347832
31,indietronica,0.0930160344
32,permanent wave,0.0212767014583
33,electro house,0.0072334534
34,tropical,5.30174e-05
35,urban contemporary,0.0021499838
36,indie folk,0.0621568302
37,folk-pop,0.0212076068
38,singer-songwriter,0.0101269628
39,nu metal,0.0107397868
40,hard rock,0.0426710472
41,hip pop,0.00357623319149
42,contemporary country,0.001902595
43,indie poptimism,0.02199656
44,big room,0.0506359434043
45,rap metal,0.0042998626
46,gangster rap,3.82242e-05
47,canadian pop,0.000581712
48,country road,0.0019042382
49,country,0.0028667942
50,folk rock,0.0219947722
51,garage rock,0.0790322232653
52,house,0.0294886066
53,grupera,9.19208163265e-05
54,latin hip hop,5.62195744681e-05
55,stomp and holler,0.061090547551
56,underground hip hop,0.0068440854
57,chamber pop,0.1616083698
58,dirty south rap,0.000839946938776
59,rock en espanol,0.0065365514
60,regional mexican,2.96766e-05
61,progressive house,0.066190223
62,roots rock,0.0391210364
63,blues-rock,0.054398961
64,funk rock,0.0157439262
65,alternative dance,0.1178666026
66,modern country rock,0.0109468614
67,dance rock,0.0247108724
68,trap latino,0.000151617727273
69,europop,0.001784892
70,new wave,0.0348333648
71,neo soul,0.0012841528
72,synthpop,0.1523463308
73,new wave pop,0.0274167782
74,adult standards,0.0048187118
75,banda,3.41504e-05
76,latin alternative,0.0081321474
77,neo-psychedelic,0.103027935
78,soul,0.0013915264
79,classic funk rock,0.0208471908
80,quiet storm,0.0020613562
81,emo,3.72184e-05
82,psychedelic rock,0.0802390204
83,norteno,7.51832e-05
84,spanish pop,0.0017976546
85,deep pop r&b,0.0035034723913
86,progressive electro house,0.1217216512
87,deep indie r&b,0.0242768998
88,rap rock,0.0037311444
89,art rock,0.0634403426
90,new rave,0.1393305688
91,latin arena pop,1.26546e-05
92,escape room,0.0267122022
93,motown,0.0016437672
94,regional mexican pop,2.7523e-05
95,screamo,0.0081459362
96,shimmer pop,0.0349596996
97,electronic,0.2712443098
98,brostep,0.059269165
99,metal,0.0420352026
100,new romantic,0.0230181652
101,teen pop,5.965e-06
102,disco,0.0033239908
103,deep big room,0.0937010359184
104,indie anthem-folk,0.061210793
105,pop reggaeton,0.0001996082
106,reggaeton flow,0.0001052776
107,crunk,2.58422e-05
108,funk,0.03562648
109,vapor soul,0.0661392608
110,trap francais,0.00471144565217
111,acoustic pop,0.0116213976
112,metropopolis,0.028675335
113,deep tropical house,0.0459617048
114,west coast rap,9.69634e-05
115,deep german hip hop,0.0130551414286
116,metalcore,0.0067804882
117,punk,0.0005887476
118,deep funk carioca,0.0012082038
119,electronic trap,0.0852342492
120,focus,0.90182
121,new americana,0.0712044788
122,east coast hip hop,0.0016323962
123,folk,0.0080183422
124,francoton,0.00588133108696
125,sertanejo universitario,7.24202e-05
126,hardcore hip hop,0.0196218333333
127,southern rock,0.0257199482
128,brill building pop,0.0020693236
129,german hip hop,0.0417633871429
130,christian alternative rock,0.0002686596
131,jazz blues,0.113799545
132,worship,9.9831e-05
133,groove metal,0.0336479774
134,ranchera,0.000355766
135,boy band,0.0001238694
136,piano rock,0.00170069387755
137,talent show,0.0006326314
138,freak folk,0.1645230228
139,swedish pop,0.0066525236
140,chillwave,0.239863549
141,british blues,0.0664895332
142,modern blues,0.0631837046
143,vocal jazz,0.1467053834
144,argentine rock,0.0321657974
145,g funk,6.90295918367e-05
146,christian music,5.60556e-05
147,redneck,0.0005094252
148,vegas indie,0.0104652873469
149,new jack swing,0.0106566073469
150,swedish idol pop,0.00490787653061
151,bass trap,0.0476051072
152,compositional ambient,0.8726136
153,mpb,0.1298517002
154,country rock,0.0058871614
155,dance-punk,0.2110257086
156,memphis soul,0.018246698
157,ccm,5.65896e-05
158,deep underground hip hop,0.0013427754
159,soundtrack,0.7894398678
160,cumbia pop,0.0005137918
161,noise pop,0.149947205306
162,rock-and-roll,0.0367320874
163,soul blues,0.0152393896
164,k-pop,2.21234693878e-05
165,indie psych-rock,0.128772817
166,protopunk,0.080975795
167,moombahton,0.0727119576
168,lo-fi,0.0880496692
169,dream pop,0.28771291449
170,anthem worship,5.76496e-05
171,german pop,0.0171715574
172,electric blues,0.055671087
173,outlaw country,0.0081191886
174,melodic metalcore,0.013008856
175,detroit hip hop,5.0944e-05
176,hollywood,0.0027551518
177,deep dutch hip hop,0.0328351632609
178,christian rock,9.9636e-06
179,southern soul,0.0112087776
180,deep groove house,0.2227097132
181,korean pop,3.71362e-05
182,chicago soul,0.0130631891837
183,indiecoustica,0.0205365140816
184,deep german pop rock,0.0014557546
185,cantautor,0.002472219
186,glam metal,0.033872478
187,pagode,0.013807562
188,britpop,0.0762148178
189,italian arena pop,0.000818425
190,traditional country,0.0148788292
191,glam rock,0.0217227012
192,alternative hip hop,0.0211266328
193,funk metal,0.053594598
194,mariachi,0.0010790962
195,deep australian indie,0.065104289
196,classify,0.8101723828
197,underground pop rap,4.83244e-05
198,scorecore,0.758882445208
199,italian pop,0.0014080464
200,samba,0.1241021598
201,tracestep,0.147827988
202,complextro,0.1023577762
203,deep pop edm,0.0176018252
204,downtempo,0.242347367347
205,trip hop,0.40670621
206,grime,0.0141884252
207,british invasion,0.0476412466
208,speed metal,0.096608527
209,channel pop,0.0037127498
210,classical,0.838206666667
211,catstep,0.2152168214
212,lilith,0.00103605897959
213,bachata,8.2972e-06
214,bossa nova,0.2653111542
215,deep house,0.2180043554
216,skate punk,0.0178342172
217,melancholia,0.2990441256
218,vapor twitch,0.1443970172
219,lift kit,0.000729027346939
220,disco house,0.182234044
221,symphonic rock,0.1704345324
222,comic,0.017042632
223,pop emo,0.00816701680851
224,anti-folk,0.0922582292
225,grunge,0.0201483517778
226,duranguense,0.0006868936
227,australian dance,0.02637341
228,traditional folk,0.0050564658
229,bubblegum pop,0.0030192532
230,otacore,0.0330802188
231,chillhop,0.522541597959
232,hoerspiel,3.08920408163e-05
233,australian alternative rock,0.071382738
234,reggae fusion,0.0006372976
235,sertanejo,3.62e-05
236,la indie,0.0454444452
237,jazz,0.352454822
238,rockabilly,0.0147949308
239,cumbia,0.0101965864
240,nueva cancion,0.005951555
241,progressive rock,0.2085703744
242,texas country,0.0087702856
243,nu jazz,0.422120026327
244,video game music,0.593137373023
245,romantic,0.838206666667
246,roots reggae,0.019676759
247,slow core,0.2705701632
248,swedish folk pop,0.006989689
249,space rock,0.381002012
250,madchester,0.1136533368
251,power metal,0.0568675978
252,progressive metal,0.233274494
253,dancehall,0.0136332438776
254,nu gaze,0.1462492002
255,alt-indie rock,0.0694486404
256,french pop,0.0285078346
257,world worship,0.0009097336
258,reggae,0.0196761082
259,deep trap,1.48495918367e-05
260,opm,0.0010339978
261,alternative country,0.0309549532
262,deep danish pop,0.0153584698
263,mandopop,0.0012043626
264,spanish rock,0.00575558653061
265,industrial metal,0.151474501
266,deep southern trap,5.62692e-05
267,forro,0.007381551
268,sky room,0.1154734274
269,brazilian hip hop,0.0286017716
270,nashville sound,0.0040143944
271,indie garage rock,0.195989925306
272,taiwanese pop,0.0012043626
273,bolero,0.0004813482
274,thrash metal,0.1230190134
275,merseybeat,0.0127233172
276,danish pop,0.074074166
277,lounge,0.0198078322
278,trance,0.4049624954
279,finnish dance pop,0.000140602916667
280,jam band,0.098817189
281,deep latin hip hop,0.00109860673469
282,chamber psych,0.233609872
283,jazz funk,0.2271750842
284,deep taiwanese pop,0.0102043626
285,turkish pop,0.0021470108
286,cool jazz,0.424614822
287,post-punk,0.1969353008
288,salsa,0.0003276772
289,eurodance,0.2388023598
290,preverb,0.2050639234
291,brooklyn indie,0.16051113898
292,c-pop,0.0012043626
293,swedish alternative rock,0.0798463776
294,minimal,0.89614
295,german techno,0.197272411429
296,pixie,0.0092937342
297,chilean rock,0.0101807278
298,deep cumbia sonidera,0.0007831284
299,candy pop,0.0038132144898
300,filter house,0.3050824834
301,post-screamo,0.0067900456
302,punk blues,0.037382263
303,vocal house,0.172083461429
304,deep euro house,0.4365674886
305,deep new americana,0.0450376366
306,bow pop,0.3806264862
307,french hip hop,0.0243327542
308,alternative emo,0.0948009544
309,axe,0.000634615918367
310,big beat,0.412603917551
311,cabaret,0.0154715558
312,finnish pop,0.0143620659184
313,progressive trance,0.5011464834
314,chanson,0.008839909
315,swedish indie rock,0.090816099
316,industrial rock,0.1471803134
317,merengue,0.000428457
318,etherpop,0.000686078163265
319,garage psych,0.3095084084
320,jazz fusion,0.467946528
321,power pop,0.045072671
322,ninja,0.313423127
323,cantopop,0.00262716408163
324,uk post-punk,0.183021458163
325,melodic death metal,0.1803474362
326,deep swedish hip hop,0.0072411512
327,country dawn,0.000607663673469
328,bubblegum dance,0.100119969
329,show tunes,0.000163091020408
330,post rock,0.86072
331,dutch hip hop,0.0465874714286
332,vallenato,0.0008888108
333,shiver pop,0.0339467352
334,italian hip hop,0.0045293668
335,dutch pop,0.00731543632653
336,post-disco,0.0550905044
337,bebop,0.466028794
338,deep regional mexican,2.0462e-06
339,spanish pop rock,0.000182649591837
340,modern classical,0.907454545455
341,swedish eurodance,0.0394995018
342,contemporary post-bop,0.445131414
343,minimal techno,0.733574
344,irish rock,0.020549212
345,dutch house,0.136531449362
346,turkish rock,0.0252079042857
347,easy listening,0.0081245936
348,swedish hip hop,0.020509002
349,danspunk,0.0174519355102
350,australian pop,0.0673912182
351,indonesian pop,0.0060803762
352,canadian indie,0.0457095920408
353,wrestling,0.107524093061
354,microhouse,0.664216938776
355,hip house,0.1166820992
356,cumbia villera,0.00213080081633
357,west coast trap,0.0001321184
358,texas blues,0.124714932
359,celtic rock,0.0071083128
360,broadway,3.34548e-05
361,pinoy alternative,0.001198188
362,french indietronica,0.3191453742
363,blues,0.1409086638
364,acid jazz,0.446168884783
365,anthem emo,0.0679184816327
366,chillstep,0.2968367256
367,movie tunes,0.0001645006
368,tech house,0.785134
369,uk funky,0.0214124706122
370,norwegian indie,0.0442697573469
371,progressive bluegrass,0.031538351
372,classic swedish pop,0.0747533320833
373,traditional blues,0.1195856736
374,soul jazz,0.5004480884
375,stoner rock,0.0902589006
376,melodic hardcore,0.025073445
377,experimental rock,0.2712401806
378,turntablism,0.2060774072
379,norwegian pop,0.0283360306
380,minimal dub,0.289407234694
381,fourth world,0.883551020408
382,electro,0.2777100946
383,swing,0.2295934098
384,latin christian,0.000711826
385,dreamo,0.1508692796
386,indie jazz,0.3491758712
387,rock gaucho,0.0584012124
388,french rock,0.0869062414286
389,post-hardcore,0.0561665652
390,epicore,0.71510354375
391,azontobeats,0.0037270104
392,zapstep,0.19312112
393,deep chiptune,0.6377116408
394,sheffield indie,0.0548566964
395,uplifting trance,0.5427427248
396,noise rock,0.238401843617
397,progressive post-hardcore,0.1793891694
398,hard bop,0.50180676
399,antiviral pop,0.0238846673469
400,aussietronica,0.0856379684
401,indie punk,0.0660413644
402,death core,0.057128628125
403,electro latino,0.0005112552
404,ambient,0.888673469388
405,reggae rock,0.0093509654
406,country blues,0.0622738826
407,anime,0.0503839644
408,deep funk,0.321142641
409,new age,0.735584016
410,french reggae,0.00159180422222
411,j-pop,0.028269329
412,groove room,0.3090295344
413,lovers rock,0.0186966014
414,deep melodic euro house,0.780394
415,death metal,0.215850574
416,nu disco,0.193166439592
417,indie rockism,0.00470036367347
418,electro swing,0.240759024082
419,country gospel,0.0058386752
420,neo classical metal,0.2406535
421,mexican indie,0.0962910759184
422,uk garage,0.17288856102
423,gothic metal,0.0792570098
424,stride,0.5170424434
425,industrial,0.1982149048
426,canadian metal,0.0181403426
427,future funk,0.57435864
428,christian uplift,0.0038268896
429,brazilian gospel,0.000524674583333
430,german metal,0.111184982
431,swedish indie pop,0.1143392818
432,gauze pop,0.0127483876
433,turkish jazz,0.0868677242
434,christian hip hop,2.50606122449e-05
435,latin jazz,0.0586794374
436,stoner metal,0.1193606
437,experimental,0.32583813625
438,ska,0.0027780604
439,french indie pop,0.237036083542
440,deep ccm,0.0803114462
441,merengue urbano,0.0128443004
442,classic norwegian pop,0.0102488059184
443,pub rock,0.0275338794
444,memphis blues,0.119393249
445,ska punk,0.0026355154
446,suomi rock,0.073865405625
447,afrobeats,0.007949022
448,hyphy,0.0069454544898
449,liquid funk,0.1435975886
450,swedish synthpop,0.0284718478
451,chicago blues,0.1267489494
452,drill,0.0013208934
453,vaporwave,0.546409636
454,neue deutsche harte,0.1872207696
455,louvor,0.0288701353061
456,world,0.248151429592
457,dub,0.0180700518
458,smooth jazz,0.3571906416
459,drum and bass,0.1968517154
460,memphis hip hop,0.0025305734
461,j-rock,0.0577849584
462,new orleans blues,0.13732284
463,new weird america,0.235849970833
464,german pop rock,0.0002070234
465,old school hip hop,0.0280949430612
466,relaxative,0.853180816
467,trova,0.019302993
468,big band,0.3263096106
469,hardcore punk,0.0087177248
470,stomp pop,0.1015736678
471,bass music,0.4140522922
472,flamenco,0.517185195532
473,indonesian indie,0.0804840928571
474,comedy,1.6084e-06
475,baroque,0.836524137931
476,viking metal,0.2761446658
477,russelater,0.035778027551
478,djent,0.416205459574
479,mambo,0.0506894586
480,acoustic blues,0.0456217344
481,spanish indie pop,0.0571298453061
482,swedish metal,0.1602485172
483,delta blues,0.083314891
484,norwegian rock,0.103905477
485,deep texas country,0.00219578591837
486,gospel,0.0055126998
487,christian relaxative,0.435142030435
488,doo-wop,0.0177754188
489,icelandic pop,0.299917226
490,latin metal,0.0448264586
491,cowboy western,0.0049587092
492,piedmont blues,0.0510353228
493,deep swedish indie pop,0.163634146596
494,wonky,0.428557166
495,hardstyle,0.1030112574
496,classical period,0.438661
497,minimal tech house,0.742083877551
498,cumbia sonidera,0.009043315
499,operatic pop,0.0616510296
500,meditation,0.795735714286
501,pop house,0.022117015
502,dangdut,0.00332445285714
503,turkish folk,0.0184369
504,hands up,0.117268400408
505,deep disco house,0.672831179592
506,celtic,0.4919596176
507,desi,0.0066417942
508,shoegaze,0.4233556466
509,tejano,0.000293872
510,boogaloo,0.0218257942
511,argentine reggae,0.0029830348
512,nwobhm,0.0545969428
513,deep hardstyle,0.105190723673
514,dansband,0.0269180928889
515,indian pop,0.006640003
516,danish pop rock,0.0434027291837
517,japanese r&b,0.0418930587755
518,electropowerpop,0.0002457482
519,gothic symphonic metal,0.0409083566
520,intelligent dance music,0.821952
521,healing,0.795022774
522,sleep,0.683910204082
523,finnish hip hop,0.0001238484
524,desi hip hop,0.00746383897959
525,schlager,0.00181058265306
526,melbourne bounce,0.2301430276
527,contemporary jazz,0.706218
528,drone,0.85532
529,symphonic metal,0.0716021516
530,spanish punk,0.0416793718367
531,filthstep,0.1921392486
532,louisiana blues,0.059918117
533,children's music,0.00936410571429
534,cubaton,0.00158670102041
535,velha guarda,0.0264000178
536,electroclash,0.138833989184
537,jangle pop,0.0521792624
538,brazilian indie,0.0710833502041
539,chicano rap,0.00506995163265
540,spanish hip hop,0.000218257755102
541,uk drill,0.000533695
542,folk punk,0.023426002
543,k-hop,8.06672e-05
544,retro electro,0.450675390612
545,alternative r&b,0.0043296448
546,afrobeat,0.4323538276
547,polish pop,0.0357959840816
548,opera,0.0425966245
549,british folk,0.0856421581395
550,nu-cumbia,0.0185799752
551,a cappella,2.91044897959e-05
552,j-dance,0.0783064836735
553,alternative pop rock,0.0009564262
554,j-rap,0.0316428338776
555,boston rock,0.0872298914
556,future garage,0.446345089796
557,crossover thrash,0.1508499992
558,mathcore,0.2391384772
559,classic danish pop,0.0422964114286
560,german indie,0.064000306
561,glitch,0.3766007186
562,coverchill,0.0601790988
563,jazz metal,0.61325676
564,environmental,0.753317271458
565,reading,0.000121820833333
566,filmi,0.0025464294
567,rumba,0.65474803125
568,azonto,0.00123846387755
569,levenslied,0.00169960673469
570,polynesian pop,0.0027206792
571,glitch hop,0.25674526102
572,melodipop,0.00664143395833
573,arabesk,0.000261077755102
574,zolo,0.0816738266
575,northern soul,0.0019846308
576,underground rap,0.0093661178
577,spanish new wave,0.0041937468
578,vapor pop,0.0633349325
579,brazilian punk,0.0217249576
580,piano blues,0.1379921548
581,abstract hip hop,0.00954926877551
582,deep turkish pop,0.0004402482
583,christian dance,0.03139507
584,neoclassical,0.8148142
585,norwegian hip hop,0.0419373116
586,liedermacher,0.0067265014
587,discofox,0.000165046458333
588,australian hip hop,0.0542199704
589,folk metal,0.2007828136
590,canadian country,4.33641304348e-05
591,strut,0.00228574645833
592,breakbeat,0.2611001094
593,sludge metal,0.2946982064
594,italo dance,0.0607862320408
595,bluegrass,0.1184134486
596,new tribe,0.4836813624
597,neo-singer-songwriter,0.0002635898
598,finnish metal,0.175542948723
599,danseband,0.0103879743478
600,fluxwork,0.377541657755
601,hardcore techno,0.4042035074
602,jump blues,0.040006189
603,welsh rock,0.0252346028571
604,technical death metal,0.441309381837
605,german punk,0.0315610867347
606,fingerstyle,0.530546875102
607,float house,0.676017755102
608,sleaze rock,0.0084557284
609,australian country,5.20506e-05
610,deep uplifting trance,0.471812667347
611,alternative ccm,0.00456841041667
612,folklore argentino,0.0763845918
613,kiwi rock,0.0382187222
614,alternative pop,0.1270457358
615,grave wave,0.2513564822
616,swamp blues,0.064177772
617,electro jazz,0.481657986
618,rock steady,0.0523951306
619,slow game,5.755e-06
620,j-metal,0.0585453528
621,post-metal,0.592676183673
622,techno,0.7374672
623,no wave,0.230838581
624,russian pop,0.001426681
625,stomp and flutter,0.113210654
626,portland indie,0.195586701633
627,dutch rock,0.0579767159184
628,doom metal,0.3898540744
629,modern performance,0.8638462
630,pagan black metal,0.4367186875
631,black metal,0.4134885608
632,jump up,0.284994284
633,pop flamenco,0.00105064530612
634,hard alternative,0.00741955
635,christian metal,0.0463170618
636,kirtan,0.516416387
637,neurofunk,0.2454428096
638,polish hip hop,0.0222080740816
639,drift,0.8818
640,dark jazz,0.7492476242
641,peruvian rock,0.054627786
642,deathgrind,0.3592900222
643,italian indie pop,0.018426888
644,ectofolk,0.0009949592
645,symphonic black metal,0.390721998
646,classic italian pop,0.006769232
647,turkish hip hop,0.02152207375
648,cuban rumba,0.155328685
649,brega,0.0167715473469
650,deep norteno,0.0169272895918
651,happy hardcore,0.098669794
652,carnaval,0.000758642340426
653,belgian rock,0.157787162
654,chicago house,0.188334024
655,medieval rock,0.0310442561224
656,irish folk,0.073347138
657,jungle,0.226175397
658,chamame,0.00189104
659,scottish rock,0.0552451862
660,rap chileno,0.0338079562
661,classic chinese pop,0.001338104
662,dark wave,0.274947162
663,progressive uplifting trance,0.550736481333
664,orgcore,0.0659401253333
665,austindie,0.118829524
666,idol,0.0139190428
667,chicago indie,0.1384531006
668,medieval,0.489566622
669,avant-garde jazz,0.471033938
670,eurovision,0.000930599591837
671,bay area indie,0.1510665468
672,romantico,0.6535937
673,western swing,0.0166570074
674,russian rock,0.0155791218
675,japanese city pop,0.1717849238
676,new orleans jazz,0.3764180262
677,j-idol,0.0259067104
678,italian disco,0.122769278
679,harmonica blues,0.0876236054
680,arab pop,0.0044740104
681,puerto rican rock,8.19883673469e-05
682,dubstep,0.2233727596
683,classic finnish pop,0.0334606464444
684,malaysian pop,0.00773120346939
685,outsider house,0.5916848
686,mexican rock-and-roll,0.0087774886
687,portuguese rock,0.0791491516327
688,post-doom metal,0.6124758
689,colombian rock,0.044495501
690,sertanejo tradicional,2.59387755102e-07
691,brutal death metal,0.436292628
692,soul flow,0.0217714218
693,salsa international,0.0196773146939
694,seattle indie,0.0801175322
695,avantgarde metal,0.475134684
696,hardcore,0.1670589704
697,nasheed,0.0224004989796
698,gbvfi,0.107519487
699,psychedelic doom,0.35610422
700,celtic punk,0.045024355
701,grindcore,0.536718191837
702,quebecois,0.0315885742
703,austropop,0.0459379236
704,brazilian ccm,0.000682188163265
705,funky tech house,0.5802965434
706,riddim,2.1783877551e-05
707,psychedelic trance,0.61763126
708,speed garage,0.195642746458
709,baile funk,0.0249166677551
710,classic russian rock,0.0265783308163
711,freestyle,0.0656886993617
712,j-poprock,0.0076278364
713,italian pop rock,0.000838705918367
714,ebm,0.3079371268
715,math pop,0.3422970678
716,barnmusik,0.0226395167347
717,spanish noise pop,0.129933820417
718,warm drone,0.88293877551
719,soca,0.0001888544
720,nursery,0.3645965452
721,ethereal wave,0.4872035198
722,nintendocore,0.0597824608
723,african gospel,0.009427222
724,garage pop,0.166727573
725,world meditation,0.740174117
726,destroy techno,0.3562856
727,balearic,0.459024520408
728,progressive deathcore,0.1573357206
729,math rock,0.249762507917
730,laiko,1.02442e-05
731,acid house,0.589047271429
732,albuquerque indie,0.0473541196
733,mande pop,0.2862120678
734,polish punk,0.161303682708
735,russiavision,0.0018129312
736,deep latin christian,4.51282e-05
737,indie dream pop,0.402937498
738,kindermusik,0.00225800590909
739,emo punk,0.0845098685366
740,entehno,5.20898e-05
741,bassline,0.0572498546
742,k-indie,0.0454237508
743,classic finnish rock,0.105948612917
744,substep,0.3971076584
745,electrofox,0.353834408
746,drill and bass,0.630155023878
747,turbo folk,6.09975510204e-05
748,british alternative rock,0.0320672124
749,ambeat,0.5158074364
750,ska revival,0.100254991429
751,deep minimal techno,0.832377777778
752,bmore,0.0790341797959
753,british indie rock,0.0717547742
754,canterbury scene,0.389276428
755,musica para ninos,0.013780316
756,romanian pop,0.015801946
757,chill lounge,0.605771428571
758,rock catala,0.025872117234
759,free jazz,0.304390619
760,argentine indie,0.0432626804082
761,deep comedy,3.4624e-06
762,twee pop,0.1042729296
763,classic garage rock,0.0417558457143
764,volksmusik,0.0429203747826
765,post-post-hardcore,0.0300467928
766,electro-industrial,0.2679791968
767,gypsy jazz,0.650318503
768,oi,0.067337124
769,latin electronica,0.20408612
770,straight edge,0.1375420844
771,christian hardcore,0.0248208426
772,kabarett,0.0003273
773,kraut rock,0.684726568
774,steampunk,0.0620102106
775,singaporean pop,0.000529333469388
776,swedish hard rock,0.05562769
777,world fusion,0.5525041506
778,slovak pop,0.0214226432653
779,dansktop,0.0480331469388
780,surf music,0.4469986712
781,thai idol,0.0006026462
782,gabba,0.144592335417
783,gothic rock,0.28619789898
784,chaotic hardcore,0.3256958602
785,nu age,0.8787
786,bhangra,0.02519291
787,canzone napoletana,0.0123670536
788,retro metal,0.366875030204
789,cello,0.68995066
790,mandible,0.792086
791,ballroom,0.641012226
792,ye ye,0.0130521108
793,tango,0.429213789796
794,swedish jazz,0.701393867347
795,dixieland,0.1813352866
796,old-time,0.15306224625
797,laboratorio,0.273199282653
798,mashup,0.0377832312245
799,christelijk,0.0916568071739
800,freakbeat,0.0603564772
801,punjabi,0.0320858995918
802,alternative roots rock,0.1241742296
803,futurepop,0.1183715704
804,vancouver indie,0.1006672054
805,christian punk,0.0115504986
806,choro,0.1579840264
807,african rock,0.0543037366
808,deep talent show,0.003787125
809,e6fi,0.193621446
810,drone metal,0.693984285714
811,nordic house,0.245810778571
812,electro bailando,0.0014443488
813,early music,0.428005424
814,psychobilly,0.0730449608
815,hawaiian,0.2716956956
816,horror punk,0.1184451102
817,andean,0.2032579654
818,russian hip hop,0.00131531938776
819,detroit techno,0.653928723469
820,progressive psytrance,0.71884122449
821,comedy rock,0.000117515102041
822,thai pop,0.0006057774
823,psychill,0.623254174286
824,orchestral,0.738885576
825,tribal house,0.521563049375
826,atmospheric black metal,0.67700377
827,progressive trance house,0.61347759375
828,deep indian pop,0.00229016755102
829,jazz trio,0.718025832
830,classical performance,0.727408648
831,persian pop,0.0013741608
832,fado,0.10375868
833,classical piano,0.766289914286
834,uk hip hop,0.0629266053061
835,voidgaze,0.512209554
836,danish hip hop,0.0168304969388
837,zouk riddim,0.005801435
838,israeli rock,0.0019865164
839,czech rock,0.0669537912245
840,swedish reggae,0.0114297076596
841,exotica,0.5645854152
842,praise,1.18404e-05
843,theme,0.613323294
844,hungarian rock,0.0573432022
845,athens indie,0.150114435
846,neo-trad metal,0.0785509236
847,dub techno,0.77092114898
848,norwegian metal,0.359255877551
849,venezuelan rock,0.0314595756
850,choral,0.64661353913
851,aggrotech,0.2371778786
852,neo-progressive,0.138704143265
853,turkish alternative,0.014422220625
854,hungarian pop,0.0341678856818
855,classic colombian pop,0.0016702596
856,kizomba,0.0204272028
857,avant-garde,0.65392744
858,columbus ohio indie,0.0418718277551
859,czech folk,0.00052733212766
860,anime score,0.7073775566
861,visual kei,0.035009262
862,mizrahi,0.0001125658
863,barnemusikk,0.012388806
864,abstract beats,0.326557873061
865,italian metal,0.0497666584
866,popgaze,0.368484520408
867,indian folk,0.004603163
868,deep latin alternative,0.190596404167
869,power-pop punk,0.0512215298
870,ok indie,0.0645556986
871,deep chill,0.690973958333
872,classic turkish pop,0.0354792822
873,french movie tunes,0.0204034144898
874,bubble trance,0.568387293878
875,goregrind,0.544124285714
876,j-indie,0.0401191582
877,vintage italian soundtrack,0.7431388554
878,melodic hard rock,0.03129798
879,deep tech house,0.688445833333
880,dark cabaret,0.0695394162
881,shibuya-kei,0.181422854583
882,deep pop punk,0.00314747708333
883,folkmusik,0.247698539556
884,power blues-rock,0.02965381
885,rai,0.000836928571429
886,p funk,0.0354353678
887,swedish punk,0.04333047
888,russian punk,0.0297209014
889,spanish reggae,0.021805499
890,black thrash,0.4589588588
891,fidget house,0.257096761224
892,shimmer psych,0.2115856422
893,musica nativista,0.000181182142857
894,albanian pop,0.006140065
895,horrorcore,0.0001087116
896,basque rock,0.0360484512766
897,violin,0.682911427273
898,nu skool breaks,0.528052745
899,melodic power metal,0.063342115
900,turkish classical,0.252318999796
901,highlife,0.0737257826
902,belly dance,0.1122152746
903,string quartet,0.26288122
904,classic belgian pop,0.0050349477551
905,indie psych-pop,0.19129796551
906,southern gospel,0.0125027589796
907,chiptune,0.4662964432
908,soukous,0.00335084
909,lds,0.527276795918
910,instrumental post rock,0.865346938776
911,irish country,0.0011308622449
912,brass band,0.533689182
913,classic polish pop,0.0035656087234
914,bouncy house,0.059031754
915,vintage swedish pop,0.0212931659574
916,timba,0.0010572306
917,classic peruvian pop,0.0657177708163
918,renaissance,0.3901647572
919,acid techno,0.834702
920,norwegian gospel,0.0362057636
921,yugoslav rock,0.0105736485714
922,dominican pop,0.0202117068
923,classic icelandic pop,0.0558333551064
924,arab folk,0.181904832708
925,southern soul blues,0.001457315
926,perth indie,0.0391698638
927,neue deutsche welle,0.116498483061
928,swiss rock,0.2620148858
929,zouk,0.0035105128
930,deep melodic metalcore,0.0140946212
931,sega,0.0191332926531
932,mod revival,0.0398883104
933,pakistani pop,0.000557959795918
934,deep soul house,0.65165112
935,french folk pop,0.0122740175
936,deep christian rock,0.033014694
937,c86,0.2358985052
938,rio de la plata,0.0016517
939,native american,0.598840365306
940,college a cappella,0.0001766548
941,uk dub,0.176632361224
942,jazz bass,0.4882664706
943,miami bass,0.0400467954
944,ambient idm,0.721952836
945,polish reggae,0.0436806057143
946,nordic folk,0.5543368678
947,hauntology,0.628892222
948,vienna indie,0.0997123510417
949,swamp pop,0.021320903
950,modern uplift,0.00382678520833
951,catalan folk,0.0669512872917
952,chanson quebecois,0.035675684375
953,girl group,0.0290573298
954,brazilian composition,0.6445316875
955,digital hardcore,0.297690853
956,hip hop tuga,0.0930712995745
957,hip hop quebecois,0.016871110625
958,deep neofolk,0.0640645767347
959,vintage french electronic,0.464062662857
960,samba-enredo,0.0225674904348
961,vocaloid,0.183235577755
962,italian jazz,0.6640724
963,croatian pop,0.00547450770833
964,spanish folk,0.0112429002
965,hard minimal techno,0.671532653061
966,vintage tango,0.2753260968
967,desert blues,0.3361536448
968,garage punk,0.1997192632
969,bounce,0.0184874811364
970,hiplife,0.0144055027083
971,mexican son,0.020221769375
972,german oi,0.0338411128571
973,classical guitar,0.852371118367
974,drumfunk,0.62037072449
975,czech hip hop,0.000292131304348
976,appalachian folk,0.0482310055102
977,vietnamese pop,0.002187809
978,balkan brass,0.2478126324
979,free improvisation,0.501593265957
980,riot grrrl,0.140690523
981,rosary,0.3167713796
982,electronica,0.6100792832
983,underground latin hip hop,0.000291287291667
984,karneval,0.00154273042553
985,serialism,0.709313530612
986,cante flamenco,0.112454528511
987,tico,0.0307635673469
988,boogie-woogie,0.091118503
989,morna,0.0135407046
990,ecuadoria,0.000313986530612
991,traditional rock 'n roll,0.0431902558
992,estonian pop,0.0761564868
993,tin pan alley,0.3822786366
994,german show tunes,0.01968975175
995,disco polo,0.0113106776
996,portuguese pop,0.00168629195652
997,mbalax,0.0730240636735
998,harpsichord,0.635072326
999,deep soundtrack,0.7804613176
1000,polish indie,0.052111734898
1001,cyber metal,0.153009091429
1002,kids dance party,0.0369043528
1003,metal guitar,0.67274662
1004,thrash core,0.337802688
1005,outsider,0.188566856122
1006,full on,0.727125
1007,composition d,0.695981097917
1008,deep liquid,0.408366910204
1009,kompa,0.0128250988
1010,new age piano,0.88696
1011,heavy alternative,0.0102070636735
1012,jumpstyle,0.1403527114
1013,electropunk,0.3351938852
1014,classic czech pop,0.00050383627907
1015,stomp and whittle,0.0482294916
1016,slovak hip hop,0.002678838
1017,beats,0.669840934898
1018,brutal deathcore,0.1598234794
1019,finnish indie,0.472234594375
1020,makossa,0.0225691557143
1021,qawwali,0.0048406382
1022,kwaito house,0.167789403061
1023,witch house,0.362850656327
1024,j-ambient,0.626323685714
1025,atmospheric post rock,0.750657168
1026,zillertal,0.260849669783
1027,gothic alternative,0.012006754
1028,funk carioca,0.000103115208333
1029,latvian pop,0.0913194380851
1030,crust punk,0.362188832
1031,oshare kei,0.07588791375
1032,blackgaze,0.718427755102
1033,psych gaze,0.506673189592
1034,grunge pop,0.0155541955102
1035,orquesta tropical,0.00405453081633
1036,ghazal,0.0308934722
1037,classic venezuelan pop,0.00947346918367
1038,rva indie,0.216438797
1039,irish indie,0.1603721844
1040,denver indie,0.1364786934
1041,world chill,0.469257081633
1042,deep gothic post-punk,0.3732973352
1043,ethiopian pop,0.226414572857
1044,deep rai,0.00481154608696
1045,electro dub,0.416981908261
1046,traditional ska,0.081537032
1047,hungarian hip hop,0.00258818622222
1048,fake,0.09143335
1049,beatdown,0.188147008
1050,deep acoustic pop,0.0765088844898
1051,drone folk,0.765753408163
1052,canadian hip hop,0.00123594020408
1053,louisville indie,0.1374625244
1054,dirty texas rap,0.000807512857143
1055,neofolk,0.341534174082
1056,neo-rockabilly,0.0185916496
1057,judaica,0.015027176
1058,deep flow,0.00606826947368
1059,japanese psychedelic,0.4865642086
1060,ragtime,0.69326361898
1061,anarcho-punk,0.1183047704
1062,workout,0.1768257806
1063,austrian hip hop,0.197773903958
1064,guidance,0.053179296
1065,traditional british folk,0.0597190732653
1066,calypso,0.024721502
1067,orquesta tipica,0.2360188188
1068,swiss hip hop,0.11853709125
1069,geek rock,0.0555735989796
1070,deep adult standards,0.0056232924
1071,blaskapelle,0.620797554468
1072,classic french pop,0.0066219458
1073,nwothm,0.133397205714
1074,deep smooth jazz,0.498394466
1075,deep dance pop,0.0134097895918
1076,dark black metal,0.624024489796
1077,abstract,0.768368333333
1078,tone,0.853358958333
1079,neo-synthpop,0.1671987282
1080,minimal melodic techno,0.66077566617
1081,nerdcore,0.000611484
1082,ukulele,0.3147307404
1083,kurdish folk,0.000283541020408
1084,ukrainian rock,0.0116248759184
1085,kayokyoku,0.00205541
1086,new beat,0.264000476042
1087,lithumania,0.17624663875
1088,modern southern rock,0.0079013394
1089,euroska,0.0695390516667
1090,k-rock,0.0510825326531
1091,classic soundtrack,0.5681158158
1092,zouglou,0.0160077997959
1093,australian indie,0.3112767642
1094,indie emo,0.309040031224
1095,lo star,0.1387399514
1096,atmospheric post-metal,0.69391176
1097,broken beat,0.1921585656
1098,acousmatic,0.72027146
1099,minimal wave,0.372450455102
1100,solipsynthm,0.0682732240816
1101,swedish prog,0.406789258
1102,alternative americana,0.0971030493878
1103,darkstep,0.542264990816
1104,nl folk,0.0007551408
1105,marching band,0.770755230612
1106,lounge house,0.530159748298
1107,semba,0.0268449539583
1108,underground power pop,0.002334581
1109,psychedelic blues-rock,0.19884647
1110,crack rock steady,0.0897395248
1111,vegan straight edge,0.0832964461224
1112,motivation,0.0136871338
1113,schranz,0.817279591837
1114,traditional swing,0.0495900614583
1115,chalga,0.0276919273469
1116,musiikkia lapsille,0.00857739826087
1117,footwork,0.4093688072
1118,breakcore,0.65628044898
1119,yoik,0.223314893333
1120,leeds indie,0.24254833551
1121,tribute,0.194845522653
1122,funky breaks,0.406984032857
1123,indian classical,0.359889313333
1124,didgeridoo,0.511582142553
1125,classic dutch pop,0.0707315026531
1126,slc indie,0.1065234884
1127,deep contemporary country,0.000625933877551
1128,danish indie,0.396055890208
1129,belgian indie,0.122110435625
1130,jazz brass,0.57880244898
1131,deep brazilian pop,0.230386657234
1132,corrosion,0.404462956
1133,black death,0.6704418
1134,japanese jazztronica,0.2678180922
1135,electro trash,0.351686829388
1136,classic afrobeat,0.1915190232
1137,gothic americana,0.0201201114286
1138,slavic metal,0.2760327376
1139,dark hardcore,0.151549126087
1140,scratch,0.316237346735
1141,traditional scottish folk,0.179079494082
1142,hebrew pop,0.0003982592
1143,garage punk blues,0.0703836098
1144,hindustani classical,0.375192507917
1145,indie singer-songwriter,0.014959557
1146,deep german punk,0.0753293621739
1147,deep disco,0.2386045508
1148,electronicore,0.0226423461224
1149,zydeco,0.003334952
1150,usbm,0.766948
1151,string folk,0.596785504082
1152,beach music,0.000301816521739
1153,luk thung,0.041005367551
1154,michigan indie,0.0523065292
1155,south african jazz,0.2646474132
1156,islamic recitation,1.35630612245e-05
1157,spanish invasion,0.0154329625
1158,russian alternative,0.058663380625
1159,deep orchestral,0.849174170213
1160,mallet,0.463746621458
1161,dark ambient,0.882895918367
1162,ragga jungle,0.0470832622917
1163,progressive alternative,0.0017557798
1164,fast melodic punk,0.0156272034783
1165,martial industrial,0.459424413158
1166,deep discofox,0.0134325983673
1167,enka,0.0110411654167
1168,kwaito,0.0958459408163
1169,porro,0.0532907486
1170,power violence,0.40752676
1171,finnish hardcore,0.157359331818
1172,neurostep,0.192469275833
1173,classic russian pop,0.0178795142857
1174,vapor house,0.325793461224
1175,deep melodic hard rock,0.00720999693878
1176,downtempo fusion,0.3343520418
1177,ostrock,0.121557569783
1178,spanish classical,0.423658254681
1179,monastic,0.595813265306
1180,string band,0.1653020356
1181,ambient psychill,0.755104081633
1182,faroese pop,0.131069890204
1183,musica per bambini,0.0950367460417
1184,rebetiko,0.0474823502083
1185,romanian rock,0.0383437438298
1186,panpipe,0.4041697125
1187,afrikaans,0.004239989375
1188,abstract idm,0.599841954082
1189,deep psychobilly,0.0851953782
1190,ugandan pop,0.0012091606
1191,bass trip,0.3235558986
1192,power electronics,0.0182245026
1193,french punk,0.0644615265306
1194,library music,0.582078979592
1195,j-reggae,0.0456263636957
1196,russian folk,0.1536566724
1197,musique pour enfants,0.0687336938776
1198,hard house,0.571314504792
1199,concert piano,0.811428571429
1200,trash rock,0.0453055229167
1201,wind ensemble,0.5504251198
1202,deep liquid bass,0.613150259574
1203,deep jazz guitar,0.803649326531
1204,norwegian jazz,0.595679871795
1205,neo metal,0.0307804304082
1206,gospel reggae,0.000323881458333
1207,traditional soul,0.0563990278
1208,persian traditional,0.2174814634
1209,coupe decale,0.0168459120408
1210,italian progressive rock,0.346649343469
1211,manele,0.0029051006383
1212,magyar,0.155344416364
1213,melodic progressive metal,0.0371292080435
1214,japanoise,0.425618042857
1215,bay area hip hop,0.0069237886
1216,german ccm,0.0199624745652
1217,bossa nova jazz,0.38517444125
1218,deep opera,0.096233104
1219,greek indie,0.220085820816
1220,consort,0.410586489796
1221,chaotic black metal,0.680281458333
1222,classic schlager,0.0583609306522
1223,rap metalcore,0.003932759
1224,slam death metal,0.63666046
1225,deep ambient,0.85551742
1226,nz indie,0.281230809792
1227,polyphony,0.0963373761224
1228,deep progressive trance,0.597683223333
1229,galego,0.112934227083
1230,indie fuzzpop,0.062008264898
1231,experimental psych,0.5192565746
1232,iskelma,0.129555840213
1233,italian folk,0.0403669876087
1234,tekno,0.351133886585
1235,shanty,0.0004312896
1236,dark psytrance,0.615892584444
1237,breton folk,0.351845389318
1238,jig and reel,0.25958411898
1239,military band,0.0555626247917
1240,technical brutal death metal,0.550831020408
1241,armenian folk,0.002070719
1242,gamecore,0.56412584
1243,tzadik,0.556321586042
1244,neo-pagan,0.0940972622
1245,go-go,0.0282438212245
1246,deep folk metal,0.221919195208
1247,contemporary composition,0.587459456042
1248,deep canadian indie,0.0425873436
1249,liturgical,0.38341142898
1250,speedcore,0.31227091413
1251,depressive black metal,0.724341632653
1252,accordion,0.515119234043
1253,skinhead reggae,0.335730052143
1254,bulgarian rock,0.017680423617
1255,harp,0.806013043478
1256,ambient fusion,0.712835629167
1257,funeral doom,0.545621751818
1258,pipe band,0.560365020408
1259,remix,0.116713915714
1260,screamocore,0.267246145714
1261,danish jazz,0.621698406122
1262,future ambient,0.411464302083
1263,deep soft rock,0.0606987069388
1264,spoken word,0.0040893498
1265,klezmer,0.335691711429
1266,j-core,0.332022939787
1267,deep german indie,0.126773265714
1268,minimal dubstep,0.47282848125
1269,deep sunset lounge,0.731192531818
1270,bemani,0.10337806551
1271,indorock,0.301833673542
1272,flick hop,0.01891811625
1273,indie shoegaze,0.588315610417
1274,vintage chanson,0.00700917531915
1275,greek house,0.545695872766
1276,punta,0.0152986167347
1277,doujin,0.3159960762
1278,corsican folk,0.290223729362
1279,nepali,0.4106050726
1280,screamo punk,0.40801428
1281,ghettotech,0.268211682857
1282,west african jazz,0.247152647708
1283,college marching band,0.602028810408
1284,kuduro,0.225286997778
1285,neo-industrial rock,0.0531837487755
1286,greek hip hop,0.0359964370833
1287,barbershop,0.00102659
1288,jazz orchestra,0.559562244898
1289,benga,0.00500315857143
1290,brass ensemble,0.8463
1291,stl indie,0.0305909330612
1292,deep happy hardcore,0.243850216458
1293,hard glam,0.0349138789796
1294,blues-rock guitar,0.0503367485106
1295,mantra,0.002016525
1296,british dance band,0.307527588889
1297,guitar case,0.0490262930612
1298,african percussion,0.117518953542
1299,dallas indie,0.570042764468
1300,geek folk,0.0051920908
1301,carnatic,0.0781379623913
1302,deep darkpsy,0.684155587333
1303,triangle indie,0.137061634
1304,cumbia funk,0.128670300208
1305,thrash-groove metal,0.154139266304
1306,outer hip hop,0.0147947647826
1307,throat singing,0.186358455833
1308,swedish pop punk,0.15392624
1309,sinhala,0.0312032248936
1310,dark minimal techno,0.8188
1311,chinese traditional,0.5322223006
1312,deep deep house,0.674005217391
1313,italian punk,0.0561410545455
1314,unblack metal,0.340322444681
1315,deep vocal jazz,0.00402929170213
1316,cornetas y tambores,0.705282644565
1317,jug band,0.0863357354167
1318,indie pop rock,0.118821552245
1319,power noise,0.556316841304
1320,capoeira,0.0104688610638
1321,commons,0.329985182128
1322,post-disco soul,0.0367153227083
1323,halloween,0.304228882083
1324,contemporary folk,0.00888171163265
1325,finnish jazz,0.505192855227
1326,chinese indie rock,0.0961475248936
1327,byzantine,0.444466362245
1328,zim,0.070907581087
1329,black sludge,0.579269591837
1330,vintage jazz,0.293435069184
1331,dubsteppe,0.162533739149
1332,deep psytrance,0.543227714286
1333,street punk,0.061021738913
1334,breaks,0.606824246809
1335,drama,0.0253186858333
1336,abstractro,0.76552244898
1337,deep new wave,0.113323003958
1338,gospel blues,0.026403929375
1339,light music,0.74395032766
1340,deep southern soul,0.0492604259184
1341,deep indie rock,0.123910801224
1342,mexican traditional,0.000169616938776
1343,gothic post-punk,0.38913355551
1344,cajun,0.0473272674
1345,northern irish indie,0.270248679362
1346,british brass band,0.808972340426
1347,deep indie singer-songwriter,0.01092686
1348,noise punk,0.314105308125
1349,traditional funk,0.515608647234
1350,polish jazz,0.561481354167
1351,baroque ensemble,0.4427901448
1352,deep ragga,0.000110851521739
1353,demoscene,0.388331658913
1354,japanese traditional,0.6201766
1355,deep downtempo fusion,0.647786017083
1356,heavy gothic rock,0.206393179583
1357,bangla,0.00679870531915
1358,covertrance,0.239923670227
1359,deep vocal house,0.0336665608889
1360,deep freestyle,0.133766735417
1361,classical organ,0.626293714894
1362,deep full on,0.3565197225
1363,makina,0.43313562766
1364,c64,0.0828554097917
1365,spytrack,0.681330816327
1366,classical flute,0.599444406939
1367,musique concrete,0.660008706809
1368,grim death metal,0.545128291304
1369,polka,0.150618297551
1370,slash punk,0.1804608075
1371,muziek voor kinderen,0.169836727692
1372,deep jazz fusion,0.725691365435
1373,classic eurovision,0.0167013306
1374,chamber choir,0.384455020833
1375,skiffle,0.0872808493617
1376,poetry,0.052848198125
1377,deep funk house,0.511544924043
1378,fallen angel,0.0301716745833
1379,electroacoustic improvisation,0.736879215349
1380,steelpan,0.63688698
1381,belorush,0.037333897234
1382,fussball,1.88012244898e-05
1383,oratory,0.0659699059574
1384,deep east coast hip hop,0.127408369796
1385,grisly death metal,0.695540204082
1386,traditional reggae,0.0665869053488
1387,spanish indie rock,0.318605016875
1388,sunset lounge,0.645367651163
1389,early music ensemble,0.647163704348
1390,contemporary classical,0.394540650408
1391,lowercase,0.710745533333
1392,punk ska,0.0295997546
1393,deep progressive house,0.778044480444
1394,indian rock,0.1932752575
1395,clarinet,0.645991339474
1396,deep jazz piano,0.827218723404
1397,deep melodic death metal,0.3248249882
1398,hardcore breaks,0.308432173913
1399,skinhead oi,0.0652944193478
1400,vintage swing,0.248811225435
1401,hatecore,0.156566322727
1402,glitch beats,0.793644444444
1403,villancicos,0.00113886711111
1404,deep classic garage rock,0.0721968223404
1405,deep indie pop,0.163167441064
1406,neo soul-jazz,0.00193043382979
1407,deep pop emo,0.00373915688889
1408,traditional rockabilly,0.0694789487234
1409,deep nordic folk,0.329725920833
1410,klapa,1.29324444444e-05
1411,deep swedish rock,0.0389043722449
1412,crossover prog,0.135319722889
1413,football,0.309648322917
1414,organic ambient,0.758580912979
1415,soda pop,0.00268124040816
1416,deep chill-out,0.564745300217
1417,deep hardcore,0.351465986957
1418,deep filthstep,0.450921162955
1419,wrock,0.00547050102041
1420,norwegian punk,0.064416895
1421,deep northern soul,0.0767606302128
1422,experimental dubstep,0.435980882609
1423,deep free jazz,0.425123787
1424,raw black metal,0.578781704
1425,thai indie,0.0734460604444
1426,classic psychedelic rock,0.0739229502128
1427,gamelan,0.687659061224
1428,deep surf music,0.707508346809
1429,dubstep product,0.15501721766
1430,goa trance,0.684818181818
1431,deep italo disco,0.222067088889
1432,deep thrash metal,0.222792166667
1433,deep g funk,0.00691939673913
1434,accordeon,0.099408075102
1435,charred death,0.404635295455
1436,ambient dub techno,0.757453191489
1437,slovenian rock,0.0989067346809
1438,maghreb,0.0609164568085
1439,re:techno,0.853555555556
1440,malagasy folk,0.0776743406522
1441,hard stoner rock,0.266636795652
1442,dark progressive house,0.82
1443,zeuhl,0.416969772444
1444,neo honky tonk,0.00722945612245
1445,tanzlmusi,0.584395833333
1446,deep dub techno,0.633195921739
1447,j-punk,0.0398691104082
1448,noise,0.351251693778
1449,chill groove,0.594973583659
1450,tibetan,0.169693953778
1451,deep punk rock,0.148557323864
1452,deep power-pop punk,0.052089868125
1453,j-poppunk,0.0992265913636
1454,italo beats,0.1710853525
1455,deep space rock,0.576267500426
1456,deep motown,0.1376728325
1457,kc indie,0.1565113396
1458,new jack smooth,0.000996767708333
1459,deep nz indie,0.270348021277
1460,alternative metalcore,0.0150738873913
1461,chinese opera,0.00810461911111
1462,vintage rockabilly,0.0314336434
1463,deep eurodance,0.146004359388
1464,deep cello,0.834236734694
1465,chill-out trance,0.585903149583
1466,german street punk,0.145768429783
1467,terrorcore,0.519142820513
1468,doomcore,0.7100725
1469,twin cities indie,0.0502289429167
1470,french folk,0.132833388776
1471,glitter trance,0.669369416458
1472,nu electro,0.6305145
1473,indie emo rock,0.117381103902
1474,deep classical piano,0.8873125
1475,ceilidh,0.360783257292
1476,alternative hardcore,0.0661056697674
1477,jangle rock,0.281078603125
1478,skweee,0.489421021739
1479,bulgarian folk,0.113822149792
1480,deep neo-synthpop,0.230680845435
1481,rhythm and boogie,0.0265380579167
1482,swedish jazz orkester,0.468066116327
1483,deep hardcore punk,0.0409493553488
1484,chinese experimental,0.422918369565
1485,jazz composition,0.441735540488
1486,modern downshift,0.0366196010417
1487,ethereal gothic,0.305740067391
1488,ghoststep,0.538681944444
1489,anime cv,0.047458291
1490,modern free jazz,0.379676330435
1491,vintage schlager,0.366309445435
1492,song poem,0.138667181633
1493,neo-traditional country,0.0167134793478
1494,deep orgcore,0.0217263486667
1495,cryptic black metal,0.63116
1496,cinematic dubstep,0.698573871795
1497,vintage country folk,0.052896112449
1498,vintage gospel,0.0139085885106
1499,gothic doom,0.286685334783
1500,deep symphonic black metal,0.214683808163
1501,vintage reggae,0.183271602041
1502,deep german jazz,0.439935659388
1503,twee indie pop,0.227889887308
1504,saxophone,0.763712195122
1505,dark electro-industrial,0.4922880916
1506,deep delta blues,0.218797253469
1507,caucasian folk,0.214826511667
1508,chip hop,0.121194402917
1509,deep breakcore,0.401196166304
1510,deep deep tech house,0.737382857143
1511,deep string quartet,0.60074972
1512,necrogrind,0.595503123333
1513,central asian folk,0.280256446809
1514,drone psych,0.557692760286
1515,vintage swoon,0.0187105171429
1516,rock noise,0.3956844092
1517,smooth urban r&b,0.00184751860465
1518,deep latin jazz,0.412300037949
1519,vintage western,0.316870533125
